DepartureStation;ArrivalStation
9DI;IDA
A01;IDA
A02;IDA
A06;LET
A13;TAP
BMG;GYM
CRU;MFS
CTG;GYM
GYM;CTG
GYM;VVC
IDA;9DI
IDA;A01
IDA;GYM
IDA;MVP
IDA;ORC
IDA;PCE
IDA;VLA
IDA;VVC
LCH;A06
LCH;VVC
LET;LPD
LET;PUR
LMC;VVC
LPD;LCH
LPD;MVP
LPD;VVC
MFS;A06
MFS;SJE
MVP;A02
MVP;IDA
MVP;MFS
MVP;VVC
ORC;VVC
PCE;VVC
PCR;GYM
PCR;VVC
PIM;PCR
PIM;VVC
PUR;SJE
PUR;TAP
PUR;VVC
SJE;A13
SJE;CRU
SJE;MFS
SJE;VVC
TAP;LET
TAP;PUR
TAR;MVP
TPI;MFS
VLA;VVC
VVC;A13
VVC;BGM
VVC;GYM
VVC;IDA
VVC;LCH
VVC;LMC
VVC;LPD
VVC;MFS
VVC;MVP
VVC;PCE
VVC;PCR
VVC;PIM
VVC;PUR
VVC;SJE
VVC;TAR
9BY;EYP
A13;LPD
ACR;LET
AUC;EYP
AUC;TME
EYP;9BY
EYP;AUC
EYP;RAV
EYP;VVC
LCH;ACR
LCH;LET
LET;ACR
LET;LCH
LET;LPD
LET;PCA
LET;TAP
LET;TAR
LPD;ACR
LPD;LET
PCA;A13
PCA;LET
RAV;EYP
TAP;LET
TAR;LET
TME;EYP
VVC;EYP
EYP;VVC
MAP;VVC
PCE;VVN
PCR;VVC
VVC;EYP
VVC;MAP
VVC;PCE
VVC;PCR
VVC;VVC
VVN;VVC
9DI;IDA
9OX;PCE
9OX;PCR
9OX;VVC
9PB;EYP
9PB;HTZ
A06;SJE
A06;VVC
BMG;IDA
BMG;PCE
BMG;VVC
CAR;VVC
EYP;VVC
HTZ;VVC
IDA;9DI
IDA;BMG
IDA;PCR
IDA;VVC
LMC;MAP
LMC;VVC
LPD;TAR
LPD;VVC
MAP;VVC
PCE;9OX
PCE;BMG
PCE;PCR
PCE;PIM
PCE;VVC
PCR;9OX
PCR;IDA
PCR;PCE
PIM;PCE
PIM;VVC
PTC;VVC
SJE;A06
SJE;TAR
SJE;VVC
SRO;PIM
SRO;VVC
TAR;LPD
TAR;SJE
TAR;VVC
VVC;9DI
VVC;9OX
VVC;9PB
VVC;A06
VVC;BMG
VVC;CAR
VVC;EYP
VVC;IDA
VVC;LMC
VVC;PCE
VVC;PIM
VVC;PTC
VVC;SJE
VVC;SRO
VVC;TAR
VVC;VVC
BAQ;CTG
BOG;MDE
BOG;PTY
BOG;VVC
CAQ;MDE
CHS;MDE
CLO;MDE
CLO;NVA
CTG;MDE
FLL;MDE
IBE;CLO
JBQ;MDE
MDE;BAQ
MDE;BOG
MDE;CAQ
MDE;CHS
MDE;CLO
MDE;CTG
MDE;FLL
MDE;IBE
MDE;JBQ
MDE;MDE
MDE;MTR
MDE;OPF
MDE;PTY
MMP;CTG
MTR;MDE
NVA;EYP
OPF;MDE
PTY;MDE
VVC;BOG
EYP;GYM
EYP;VVC
GYM;VVC
IDA;VVC
LMC;VCC
LMC;VVC
MAP;VVC
MTU;VVC
ORC;PGM
ORC;VVC
PGM;LMC
PGM;VVC
PUU;VVC
PZA;VVC
RVE;VVC
SJE;MTU
SJE;VVC
SRO;IDA
VCC;RVE
VVC;EYP
VVC;GYM
VVC;LMC
VVC;MAP
VVC;ORC
VVC;PGM
VVC;PUU
VVC;PZA
VVC;SJE
VVC;SRO
VVC;VVC
9CI;EYP
9CI;RDN
9CI;VLA
EYP;9CI
EYP;PCE
EYP;PZA
EYP;VLA
EYP;VVC
PCE;PIM
PIM;EYP
PZA;9CI
PZA;EYP
RDN;9CI
VLA;EYP
VVC;EYP
7GF;VVC
7GS;PCE
7GS;PIM
7GS;SRO
7GS;VVC
7HT;EYP
7HV;VVC
7HX;VVC
7IK;BMG
7IK;PCE
7IK;PIM
7IK;SRO
7IK;VVC
7IV;7IK
7IV;PCR
9DE;PIM
9DI;A02
9DI;PID
A01;PID
A02;PID
A06;LET
A07;SJE
ACR;VVC
ARC;VVC
BMG;7GS
BMG;PCE
BMG;PIM
BMG;SRO
BMG;VVC
CRU;MFS
CRU;SJE
EYP;7HV
EYP;VVC
LCH;SJE
LET;LPD
LET;VVC
LEV;PCE
LEV;SRO
LEV;VVC
LMC;LMC
LMC;VVC
LPD;VVC
LQM;VVC
MAP;LMC
MAP;MCL
MAP;PCA
MAP;VVC
MCL;MVP
MFR;MVP
MFS;SJE
MFS;VVC
MIT;VVC
MPI;MVP
MTI;MVP
MUR;MVP
MVP;MIT
MVP;MPI
MVP;MTI
MVP;MUR
MVP;PCA
MVP;VVC
PCA;LQM
PCA;MAP
PCA;VVC
PCE;7GS
PCE;7HX
PCE;7IK
PCE;PID
PCE;PIM
PCE;SRO
PCE;VVC
PCR;PIM
PCR;VVC
PGM;PIM
PID;9DI
PID;A01
PID;PCE
PID;PCR
PID;VVC
PIM;7GS
PIM;7IK
PIM;7IV
PIM;LEV
PIM;PCE
PIM;SRO
PIM;VVC
PUR;LET
SJE;A07
SJE;CRU
SJE;LCH
SJE;MFS
SJE;VVC
SRO;7IV
SRO;9DI
SRO;MAP
SRO;PCE
SRO;PIM
SRO;VVC
TAP;VVC
URM;LMC
URM;VVC
VVC;7GF
VVC;7GS
VVC;7HT
VVC;7IK
VVC;9DE
VVC;A02
VVC;A06
VVC;ACR
VVC;ARC
VVC;BMG
VVC;EYP
VVC;LEV
VVC;LMC
VVC;MAP
VVC;MFR
VVC;MFS
VVC;MPI
VVC;MVP
VVC;PCA
VVC;PCE
VVC;PCR
VVC;PGM
VVC;PID
VVC;PIM
VVC;PUR
VVC;SJE
VVC;SRO
VVC;TAP
VVC;URM
7GS;PCE
7GS;VVC
7IK;VVC
9AK;MVP
A01;MVP
A07;MVP
A09;MVP
CRU;MVP
EYP;VVC
LMC;VVC
LPR;VVC
MAP;LMC
MBQ;MVP
MCL;MVP
MDR;MTN
MDR;MVP
MFR;MVP
MFS;SJE
MGU;MVP
MIB;MVP
MIS;MVP
MIT;MIS
MIT;MTI
MIT;MVP
MIT;MYA
MKA;MVP
MPI;MVP
MPU;MVP
MSA;MVP
MTC;MVP
MTI;MDR
MTI;MFR
MTI;MIT
MTI;MVP
MTN;CRU
MTN;MVP
MTS;MVP
MTU;VVC
MUR;MVP
MVA;MVP
MVA;MYA
MVP;9AK
MVP;A01
MVP;A07
MVP;A09
MVP;CRU
MVP;MBQ
MVP;MCL
MVP;MDR
MVP;MFR
MVP;MGU
MVP;MIB
MVP;MIT
MVP;MKA
MVP;MPI
MVP;MPU
MVP;MSA
MVP;MTC
MVP;MTI
MVP;MTN
MVP;MTS
MVP;MUR
MVP;MVA
MVP;MVU
MVP;MWA
MVP;MYA
MVP;MYY
MVP;TAR
MVP;VVC
MVU;MVP
MWA;MVP
MYA;MVP
MYY;MVP
PCE;7GS
PCE;7IK
PCE;SRO
PCE;VVC
PIM;VVC
SJE;MFS
SJE;PIM
SJE;VVC
SRO;PIM
SRO;VVC
TAR;MTI
TAR;MVP
TDA;VVC
VVC;EYP
VVC;LMC
VVC;LPR
VVC;MAP
VVC;MTU
VVC;MVP
VVC;PCE
VVC;PIM
VVC;SJE
VVC;SRO
VVC;TDA
A04;BAQ
BAQ;A04
BAQ;BAQ
BAQ;CAQ
BAQ;CZU
BAQ;PEI
BAQ;SMR
BAQ;VUP
CAQ;BAQ
CZU;BAQ
CZU;MTR
MMP;SMR
MTR;BAQ
PEI;BAQ
SMR;BAQ
SMR;MMP
VUP;BAQ
A04;BGA
AGH;BGA
AGH;CUC
BAG;BOG
BGA;A04
BGA;AGH
BGA;BGA
BGA;CIM
BGA;CUC
BGA;EOH
BGA;MLG
BGA;RVE
BGA;SGL
BGA;SMR
BOG;BGA
CIM;BGA
CUC;AGH
CUC;BGA
CUC;OCV
CUC;RVE
EOH;BGA
MLG;BGA
MLG;SGL
OCV;CUC
RVE;BGA
RVE;CUC
SGL;BGA
SMR;BGA
7IY;AUC
7NS;GYM
9AN;7NS
9BY;GYM
9CU;EYP
9CU;NUC
9CU;TRD
9CU;TRI
A13;SJE
ARC;GYM
ARC;LET
AUC;7IY
AUC;EYP
AUC;GYM
AUC;VVC
BAQ;EJA
BAQ;GYM
BGA;GYM
BGA;VVC
CAQ;MTR
CLO;GYM
CUC;GYM
EJA;BAQ
EJA;CUC
EJA;GYM
EYP;9CU
EYP;BGA
EYP;CLO
EYP;GYM
EYP;IBE
EYP;LPR
EYP;NUC
EYP;ORS
EYP;PZR
EYP;TRD
EYP;TRI
EYP;VVC
GIR;GIR
GIR;GYM
GYM;7NS
GYM;9BY
GYM;AUC
GYM;CAQ
GYM;EJA
GYM;EYP
GYM;GIR
GYM;GYM
GYM;IBE
GYM;LCH
GYM;LMC
GYM;MQU
GYM;NVA
GYM;PTL
GYM;SGU
GYM;SJE
GYM;TLU
GYM;VGP
GYM;VVC
IBE;GYM
IBE;VVC
LCH;LET
LCH;SJE
LET;ARC
LET;LPD
LET;LQM
LET;TAP
LMC;GYM
LPD;LET
LPR;EYP
LQM;LET
LQM;PCA
MFS;SJE
MQU;GYM
MTR;GYM
NUC;EYP
NUC;ORS
NUC;PZR
NUC;TRD
NVA;GYM
NVA;VGP
ORO;PZR
ORS;EYP
ORS;TRD
PCA;LET
PCR;VVC
PGM;VVC
PTL;GYM
PTL;NVA
PZR;9CU
PZR;EYP
SGU;9AN
SJE;A13
SJE;ARC
SJE;GYM
SJE;LCH
SJE;LPD
SJE;MFS
SJE;VVC
SVI;VVC
TAP;LET
TAP;SJE
TLU;MTR
TRD;9CU
TRD;EYP
TRD;NUC
TRD;ORO
TRD;PZR
TRD;TRI
TRI;TRD
VGP;NVA
VGP;VVC
VVC;9BY
VVC;BGA
VVC;EJA
VVC;EYP
VVC;GYM
VVC;LMC
VVC;PCR
VVC;PGM
VVC;SJE
VVC;SVI
VVC;VVC
7NS;BOG
AGH;BOG
BOG;7NS
BOG;AGH
BOG;BOG
BOG;CTG
BOG;GIR
BOG;MDE
CTG;BOG
CTG;FXE
GIR;BOG
MDE;BOG
EYP;VVC
GYM;VVC
IDA;PIM
LQM;PUU
LQM;VGP
LQM;VVC
NVA;LQM
NVA;PUU
NVA;VVC
PGM;VVC
PIM;VVC
PUU;NVA
PUU;VVC
SJE;SVI
SJE;VVC
SVI;VVC
URM;VVC
VGP;NVA
VLA;VVC
VVC;EYP
VVC;GYM
VVC;IDA
VVC;LQM
VVC;NVA
VVC;PGM
VVC;PUU
VVC;SJE
VVC;SVI
VVC;URM
VVC;VVC
VVC;VVN
VVN;VLA
BOG;EOH
BOG;VVC
CGW;EOH
EBG;EOH
EOH;CGW
EOH;EBG
EOH;NQU
EOH;UIB
MDE;EOH
NQU;EOH
NQU;MDE
NQU;UIB
UIB;NQU
UIB;UIB
7GH;PCR
BMG;VVC
LMC;VVC
MAP;VVC
PCE;7GH
PCE;PCR
PCE;PZA
PCE;VVC
PCR;PCE
PIM;SRO
PZA;VVC
SRO;VVC
VVC;BMG
VVC;LMC
VVC;MAP
VVC;PCE
VVC;PIM
7NS;BOG
7NT;BOG
7NT;EYP
ACD;EOH
ADZ;ADZ
AGH;BOG
AMS;SMA
ANU;MDE
ANU;SMA
AUC;BGA
AUC;BOG
BAQ;ANU
BAQ;BOG
BAQ;CLO
BAQ;CTG
BAQ;POP
BAQ;VUP
BEC;BOG
BGA;AUC
BGA;BOG
BOC;VVC
BOG;7NS
BOG;7NT
BOG;AGH
BOG;AUC
BOG;BAQ
BOG;BGA
BOG;BSC
BOG;CLO
BOG;CTG
BOG;CUC
BOG;EOH
BOG;GIR
BOG;IBE
BOG;LMC
BOG;MDE
BOG;MTR
BOG;NQU
BOG;NVA
BOG;PBE
BOG;PGT
BOG;RCH
BOG;SMR
BOG;UIB
BOG;VGP
BOG;VLA
BOG;VUP
BOG;VVC
BSA;EOH
BSC;BOG
BSC;CGW
BSC;EOH
BSC;MDE
BSC;NQU
BSC;UIB
CGW;BSC
CGW;LMC
CGW;NQU
CLO;BAQ
CLO;BOG
CLO;EOH
CLO;GYE
CLO;LMC
CLO;MDE
CLO;NVA
CLO;POP
COG;EOH
CPB;EOH
CTG;BOG
CTG;VUP
CUC;BOG
CUC;RVE
EBG;EOH
EOH;ACD
EOH;BAQ
EOH;BOG
EOH;BSC
EOH;CLO
EOH;COG
EOH;CPB
EOH;EBG
EOH;LMC
EOH;MDE
EOH;MTB
EOH;NQU
EOH;NVA
EOH;SPD
EOH;SVI
EOH;TLU
EOH;UIB
EOH;VUP
EYP;BOG
EYP;IBE
GIR;BOG
GYE;CLO
IBE;LMC
LMC;BOG
LMC;CGW
LMC;CLO
LMC;EOH
MDE;BOG
MDE;CLO
MDE;EOH
MDE;NAS
MTB;EOH
MTR;VUP
NAS;MDE
NQU;BOG
NQU;BSC
NQU;CGW
NQU;EOH
NQU;UIB
NVA;BOG
NVA;CLO
NVA;EOH
PAC;BOG
PBE;BOG
PGT;BOG
PGT;VVC
PUU;BOG
RCH;BOG
RVE;CUC
SMA;AMS
SMA;ANU
SMR;BAQ
SPD;EOH
SVI;EYP
TLU;EOH
UIB;BOG
UIB;BSC
UIB;EOH
UIB;NQU
VGP;BOG
VLA;BOG
VUP;BOG
VUP;CLO
VUP;CTG
VVC;BOG
VVC;PGT
VVC;PUU
LMC;VVC
MAP;VVC
VVC;LMC
VVC;MAP
AXM;IBE
AXM;NVA
BAQ;IBE
BBA;BSC
BBA;CLO
BGA;BOG
BOG;AXM
BOG;CLO
BOG;CUC
BOG;EJA
BOG;EOH
BOG;EYP
BOG;LMC
BOG;NVA
BOG;PGT
BOG;VVC
BSC;BBA
BSC;CLO
BSC;NQU
BUN;CLO
BUN;EYP
CGW;CLO
CLO;BBA
CLO;BOG
CLO;BSC
CLO;BUN
CLO;CLO
CLO;EOH
CLO;GPI
CLO;LMC
CLO;LOC
CLO;NQU
CLO;NVA
CLO;PPN
CLO;TBQ
CLO;UIB
CUC;BOG
CUC;EJA
EJA;BOG
EJA;VVC
EOH;CLO
EOH;GPI
EYP;BOG
EYP;VUP
GPI;BOG
GPI;BUN
GPI;TBQ
IBE;BAQ
IBE;BOG
LMC;BOG
LMC;CLO
LMC;VVC
LOC;CLO
LOC;PPN
MDE;IBE
MDE;TBQ
NQU;BSC
NQU;CGW
NQU;CLO
NQU;UIB
NVA;AXM
NVA;CLO
NVA;EJA
NVA;VGP
PGT;BOG
PGT;VVC
PPN;CLO
PPN;LOC
PPN;MDE
PPN;TBQ
TBQ;CLO
TBQ;PPN
UIB;MDE
UIB;NQU
VGP;BOG
VUP;NVA
VVC;BGA
VVC;BOG
VVC;CUC
VVC;EYP
VVC;PGT
ACD;UIB
APO;UIB
BSC;CGW
BSC;EOH
BSC;NQU
BSC;UIB
CAQ;EOH
CGW;BSC
CGW;EOH
CGW;NQU
EOH;APO
EOH;BSC
EOH;CAQ
EOH;GYM
EOH;IBE
EOH;MTR
EOH;NQU
EOH;OTU
EOH;PEI
GIR;EOH
GYM;GIR
IBE;EOH
MTR;EOH
NQU;BSC
NQU;CGW
NQU;EOH
NQU;UIB
OTU;EOH
PEI;EOH
PEI;TLU
TLU;EOH
UIB;ACD
UIB;BSC
UIB;EOH
UIB;NQU
A04;EOH
BSC;CGW
BSC;EOH
BSC;UIB
CAQ;EOH
CGW;EOH
CGW;MZL
CGW;NQU
CPB;MDE
CPC;EOH
EOH;A04
EOH;BSC
EOH;CAQ
EOH;CGW
EOH;CLO
EOH;CPB
EOH;CPC
EOH;EOH
EOH;IBE
EOH;LCE
EOH;MDE
EOH;MQU
EOH;NQU
EOH;PEI
EOH;UIB
EOH;URR
EOH;VDF
GYM;EOH
IBE;MDE
LCE;EOH
LQM;PUU
MDE;EOH
MDE;GYM
MDE;IBE
MDE;PIP
MQU;EOH
MZL;EOH
NQU;CGW
NQU;EOH
NVA;SVI
NVA;VVC
PEI;EOH
PGA;VVC
PIP;MDE
PUU;NVA
PUU;VVC
SVI;LQM
UIB;BSC
UIB;EOH
URR;EOH
VDF;BSC
VDF;EOH
VDF;UIB
VVC;EOH
VVC;NVA
VVC;PGA
VVC;PUU
APO;EOH
BAQ;EOH
BBA;EOH
BBA;UIB
BGA;EOH
BSC;CGW
BSC;EOH
BSC;MDE
BSC;NQU
BSC;UIB
CAQ;EOH
CGW;BSC
CGW;EOH
CLO;EOH
COG;EOH
CTG;EOH
EBG;EOH
EJA;EOH
EOH;APO
EOH;BAQ
EOH;BBA
EOH;BGA
EOH;BSC
EOH;CAQ
EOH;CGW
EOH;CLO
EOH;COG
EOH;CTG
EOH;EBG
EOH;EJA
EOH;EOH
EOH;GYM
EOH;LCE
EOH;LMC
EOH;MTB
EOH;NQU
EOH;OTU
EOH;PBE
EOH;SPD
EOH;UIB
EOH;URR
GIR;EOH
GYM;EOH
LCE;EOH
LMC;EOH
LMC;GIR
MDE;EOH
MTB;EOH
NQU;BSC
NQU;CGW
NQU;EOH
NQU;UIB
OTU;MDE
PBE;EOH
SPD;EOH
UIB;BBA
UIB;BSC
UIB;EOH
UIB;NQU
URR;EOH
EYP;LPR
EYP;VVC
GYM;EYP
GYM;VVC
LMC;VVC
LPR;EYP
LPR;GYM
PCE;PIM
PCE;VVC
PIM;PCE
PIM;VVC
VVC;EYP
VVC;GYM
VVC;LMC
VVC;LPR
VVC;PCE
VVC;PIM
VVC;VVC
7IB;GYM
CPL;GYM
EYP;GYM
GYM;7IB
GYM;CPL
GYM;EYP
GYM;OOR
GYM;PGM
GYM;VVC
OOR;GYM
PGM;GYM
VVC;GYM
BSC;EOH
BSC;MDE
BSC;UIB
CAQ;EOH
CPB;EOH
EOH;BSC
EOH;CAQ
EOH;CPB
EOH;EOH
EOH;NQU
EOH;OTU
EOH;UIB
MDE;EOH
NQU;EOH
OTU;EOH
UIB;BSC
BBA;CLO
BSC;CLO
BUN;CLO
CLO;BBA
CLO;BSC
CLO;BUN
CLO;ELA
CLO;EOH
CLO;GIR
CLO;NQU
CLO;PPN
CLO;TBQ
CLO;TCO
ELA;CLO
EOH;CLO
GIR;CLO
GPI;TBQ
NQU;BSC
PPN;CLO
PPN;GPI
PPN;TBQ
TBQ;CLO
TCO;CLO
9AK;MVP
A01;MVP
A07;MVP
A09;MVP
A13;MVP
BSC;EOH
BSC;MDE
BSC;UIB
CRU;MVP
EOH;BSC
EOH;EOH
EOH;UIB
LPD;A13
LPD;LET
LPD;MGU
LPD;MIB
LPD;MVP
MBQ;MVP
MDE;EOH
MDR;MVP
MFR;MVP
MGU;LPD
MGU;MTN
MGU;MVP
MGU;MYA
MIB;MVP
MIC;MVP
MIS;MVP
MIT;MVP
MKA;MVP
MPI;MVP
MSA;MVP
MSO;MVP
MTC;MVP
MTI;LPD
MTI;MVP
MTN;MVP
MTS;MVP
MUR;MVP
MVP;9AK
MVP;A01
MVP;A07
MVP;A09
MVP;A13
MVP;CRU
MVP;LPD
MVP;MBQ
MVP;MDR
MVP;MFR
MVP;MGU
MVP;MIB
MVP;MIC
MVP;MIS
MVP;MIT
MVP;MKA
MVP;MPI
MVP;MSA
MVP;MSO
MVP;MTC
MVP;MTI
MVP;MTN
MVP;MTS
MVP;MUR
MVP;MVP
MVP;MVU
MVP;MWA
MVP;MYA
MVP;MYY
MVP;TAR
MVU;MVP
MWA;MVP
MYA;LPD
MYA;MVP
MYY;MVP
TAR;MVP
UIB;BSC
7IB;PEI
9DI;IDA
A04;BGA
A04;CAQ
A04;EOH
APO;EOH
AUC;BGA
BBA;EOH
BGA;A04
BGA;BGA
BGA;EJA
BGA;EOH
BGA;ETO
BGA;MLG
BGA;OCV
BGA;RVE
BGA;SGL
BGA;TME
BGA;VVC
BMG;IDA
BMG;VVC
BSC;EOH
BSC;NQU
BSC;UIB
CAQ;A04
CAQ;EOH
CGW;EOH
CGW;NQU
CLO;CLO
CLO;EOH
CLO;IBE
COG;EOH
COG;UIB
CPB;MDE
CTG;BGA
CTG;EOH
EBG;EOH
EJA;A04
EJA;BGA
EJA;EOH
EJA;GYM
EOH;A04
EOH;APO
EOH;BBA
EOH;BGA
EOH;BSC
EOH;CAQ
EOH;CGW
EOH;CLO
EOH;COG
EOH;CPB
EOH;CTG
EOH;EBG
EOH;EJA
EOH;EOH
EOH;GYM
EOH;IBE
EOH;MTB
EOH;MZL
EOH;NQU
EOH;NVA
EOH;OTU
EOH;PBE
EOH;PPN
EOH;RVE
EOH;UIB
EOH;URR
EOH;VDF
EOH;VUP
EOH;VVC
ETO;BGA
GYM;7IB
GYM;CLO
GYM;CTG
GYM;EJA
GYM;EOH
GYM;GYM
GYM;IBE
GYM;LMC
GYM;MQU
GYM;NVA
GYM;PTL
GYM;VLA
IBE;CLO
IBE;EOH
IBE;GYM
IBE;MQU
IDA;9DI
IDA;BMG
IDA;PCE
IDA;PCR
LMC;GYM
MDE;EOH
MLG;BGA
MQU;EOH
MQU;GYM
MTB;EOH
MZL;EOH
NQU;APO
NQU;CGW
NQU;EOH
NQU;GYM
NQU;UIB
NVA;EOH
NVA;GYM
NVA;SIS
OCV;BGA
OTU;EOH
PBE;EOH
PCE;IDA
PCE;VVC
PCR;IDA
PCR;VVC
PEI;EOH
PIM;PCR
PPN;EOH
PTL;GYM
RCH;EOH
RVE;BGA
RVE;EOH
RVE;TME
SGL;CTG
SIS;NVA
TME;AUC
TME;BGA
UIB;BSC
UIB;EOH
UIB;NQU
URM;VVC
URR;EOH
VDF;EOH
VLA;GYM
VUP;EOH
VUP;RCH
VVC;BGA
VVC;BMG
VVC;IDA
VVC;MDE
VVC;PCE
VVC;PIM
VVC;URM
9AK;MVP
A01;MPI
A01;MVP
A07;SJE
CAR;VVC
CRU;MBQ
CRU;MVP
CRU;SJE
CRU;VVC
GYM;VVC
LMC;VVC
LPD;TAR
MBQ;MVP
MCL;MIS
MCL;MVP
MCP;MVP
MDR;MSO
MDR;MVP
MDR;MYA
MFR;MVP
MFR;MYA
MFS;CRU
MFS;SJE
MGU;MSO
MGU;MVP
MIB;MVP
MIS;MGU
MIS;MVP
MIT;MIS
MIT;MVP
MKA;MVP
MPI;MVP
MSI;MVP
MSO;MGU
MSO;MIS
MSO;MVP
MSO;MYA
MSO;TAR
MSR;MVP
MTC;MVP
MTI;MVP
MTN;MSO
MTN;MVP
MTS;MVP
MUR;MVP
MVA;MVP
MVP;9AK
MVP;A01
MVP;A07
MVP;CRU
MVP;MCL
MVP;MCP
MVP;MDR
MVP;MFR
MVP;MGU
MVP;MIB
MVP;MIS
MVP;MIT
MVP;MKA
MVP;MPI
MVP;MSI
MVP;MSO
MVP;MSR
MVP;MTC
MVP;MTI
MVP;MTN
MVP;MTS
MVP;MUR
MVP;MVA
MVP;MYA
MVP;MYY
MVP;PCA
MVP;TAR
MVP;VVC
MYA;MIT
MYA;MVP
MYY;MVP
PCA;MVP
PCE;CAR
PCE;GYM
PCE;PIM
PCE;VVC
PIM;PCE
PIM;SRO
PIM;VVC
SJE;CRU
SJE;MFS
SJE;MTN
SJE;TPI
SJE;VVC
SRO;PIM
SRO;VVC
TAR;LPD
TAR;MGU
TAR;MSO
TAR;MVP
TPI;SJE
URM;LMC
VVC;LMC
VVC;MVP
VVC;PCE
VVC;PIM
VVC;SJE
VVC;SRO
VVC;URM
AUC;GYM
BGA;CLO
BGA;EOH
CGW;EOH
CGW;NQU
CLO;EOH
CLO;GYM
CTG;EOH
EOH;BGA
EOH;CGW
EOH;CLO
EOH;CTG
EOH;GYM
EOH;MZL
EOH;NQU
EOH;PEI
EOH;PIP
GYM;AUC
GYM;CLO
GYM;EOH
GYM;GYM
MZL;EOH
NQU;CGW
NQU;EOH
PEI;EOH
PIP;EOH
APO;BOG
BOG;APO
BOG;CTG
BOG;EJA
BOG;IBE
BOG;LMC
BOG;PEI
BOG;PSO
BOG;VVC
CLO;LMC
CTG;BOG
EJA;MDE
EOH;LMC
IBE;BOG
IBE;EOH
IBE;MTR
IBE;PSO
LMC;BOG
LMC;CLO
LMC;EOH
LMC;VVC
MDE;EJA
MDE;IBE
MTR;IBE
PEI;BOG
PSO;IBE
PSO;MDE
VVC;BOG
VVC;CLO
VVC;LMC
BAQ;BAQ
BAQ;SMR
SMR;BAQ
BOG;CZU
BOG;EJA
BOG;EYP
BOG;EYP
BOG;FLA
BOG;FLA
BOG;IBE
BOG;MZL
BOG;MZL
BOG;NVA
BOG;PPN
BOG;PPN
BOG;VVC
BOG;VVC
CLO;PSO
CLO;TCO
CZU;BOG
CZU;CLO
CZU;EYP
EJA;BOG
EJA;CLO
EJA;EYP
EJA;NVA
EJA;PSO
EJA;VVC
EYP;BOG
EYP;CLO
FLA;BOG
FLA;CLO
FLA;IBE
IBE;BOG
IBE;CLO
IBE;EJA
IBE;EYP
IBE;FLA
IBE;MZL
IBE;PPN
IBE;PSO
IBE;VVC
MZL;BOG
MZL;CLO
MZL;EYP
MZL;IBE
MZL;NVA
MZL;PSO
NVA;BOG
NVA;CLO
NVA;EJA
NVA;EYP
NVA;PSO
NVA;VVC
PPN;BOG
PPN;IBE
PSO;BOG
PSO;CLO
PSO;IBE
TCO;BOG
TCO;CLO
VVC;BOG
VVC;BOG
VVC;CLO
VVC;CLO
VVC;IBE
VVC;NVA
ADZ;CLO
ADZ;PEI
BAQ;CLO
BGA;CLO
CLO;ADZ
CLO;BAQ
CLO;BGA
CLO;CTG
CLO;CUC
CTG;CLO
CUC;CLO
PEI;ADZ
ABI;BOG
ABQ;BOG
ACT;BOG
ATL;BOG
ATL;MDE
AUA;BOG
AUA;MDE
AUS;BOG
AUS;MDE
BAQ;AUA
BAQ;BCN
BAQ;BHM
BAQ;CDG
BAQ;CUN
BAQ;CVG
BAQ;DOH
BAQ;GEO
BAQ;IST
BAQ;MAD
BAQ;MEX
BAQ;MIA
BAQ;MID
BAQ;MTY
BAQ;NAS
BAQ;POP
BAQ;POS
BAQ;PUJ
BAQ;SAP
BAQ;SDQ
BAQ;SJO
BAQ;SJU
BAQ;STI
BAQ;ZRH
BDL;MDE
BGI;BOG
BHM;BAQ
BHM;BOG
BHM;MDE
BIS;BOG
BMI;BOG
BOG;ATL
BOG;AUA
BOG;AUH
BOG;AUS
BOG;BDL
BOG;BER
BOG;BHM
BOG;BOI
BOG;BOS
BOG;BWI
BOG;CHS
BOG;CID
BOG;CLE
BOG;CLT
BOG;CUN
BOG;CUR
BOG;CVG
BOG;DEN
BOG;DFW
BOG;DTW
BOG;ELP
BOG;EWR
BOG;EYW
BOG;FCO
BOG;FLL
BOG;FPO
BOG;GEO
BOG;GNV
BOG;GSO
BOG;GYE
BOG;IAD
BOG;IAH
BOG;ICN
BOG;IND
BOG;JAX
BOG;JFK
BOG;LAS
BOG;LAX
BOG;LCH
BOG;LIM
BOG;LIS
BOG;LRM
BOG;MAR
BOG;MCI
BOG;MCO
BOG;MEM
BOG;MEX
BOG;MHK
BOG;MIA
BOG;MLI
BOG;MSP
BOG;MSY
BOG;MTY
BOG;MVD
BOG;OKC
BOG;OMA
BOG;ORD
BOG;ORF
BOG;PAP
BOG;PDX
BOG;PEN
BOG;PHL
BOG;PHX
BOG;PIT
BOG;PNS
BOG;POP
BOG;PUJ
BOG;RDU
BOG;REC
BOG;RIC
BOG;RNO
BOG;SAN
BOG;SAT
BOG;SAV
BOG;SCL
BOG;SDF
BOG;SDQ
BOG;SEA
BOG;SFO
BOG;SGF
BOG;SJD
BOG;SJU
BOG;SMF
BOG;SNA
BOG;SSA
BOG;STL
BOG;SXM
BOG;SYD
BOG;TLH
BOG;TPA
BOG;TUC
BOG;TUL
BOG;TUS
BOG;TXL
BOG;UVF
BOG;XNA
BOG;YEG
BOG;YUL
BOG;YVR
BOG;YYC
BOG;YYZ
BOS;BOG
BOS;MDE
BRO;BOG
BSB;BOG
BWI;BOG
BWI;MDE
BZE;BOG
CAE;BOG
CAP;BOG
CDG;BOG
CHA;BOG
CHS;BOG
CID;BOG
CLE;BOG
CLE;MDE
CLO;CLT
CLO;CUN
CLO;DFW
CLO;DOH
CLO;EWR
CLO;FCO
CLO;IST
CLO;JFK
CLO;LAS
CLO;LAX
CLO;LHR
CLO;MAD
CLO;MEX
CLO;MIA
CLO;MSY
CLO;MTY
CLO;ORD
CLO;PHL
CLO;SAL
CLO;SCL
CLO;SDQ
CLO;SJU
CLO;SMF
CLO;TUS
CLT;BOG
CLT;MDE
CMI;BOG
CRP;BOG
CTG;ATL
CTG;AUS
CTG;BDL
CTG;BHM
CTG;BIS
CTG;BOS
CTG;BWI
CTG;CHS
CTG;CLE
CTG;CLT
CTG;CMH
CTG;DEN
CTG;DFW
CTG;DOH
CTG;EWR
CTG;IAH
CTG;IND
CTG;JAX
CTG;JFK
CTG;LAS
CTG;LAX
CTG;MAD
CTG;MCI
CTG;MCO
CTG;MEM
CTG;MEX
CTG;MIA
CTG;MSP
CTG;MSY
CTG;OKC
CTG;ORD
CTG;ORF
CTG;PHL
CTG;PHX
CTG;PNS
CTG;RDU
CTG;RIC
CTG;ROC
CTG;SAL
CTG;SAT
CTG;SAV
CTG;SCL
CTG;SDF
CTG;SDQ
CTG;SEA
CTG;SFO
CTG;SJU
CTG;TLH
CTG;TPA
CUN;BAQ
CUN;BOG
CUN;CLO
CUR;BOG
CUU;BOG
CVG;BAQ
CVG;BOG
CVG;MDE
DAY;BOG
DEN;BOG
DEN;MDE
DFW;BOG
DFW;MDE
DTW;BOG
DTW;MDE
ELH;BOG
ELP;BOG
EWR;BOG
EWR;MDE
EYW;BOG
EYW;MDE
FAT;BOG
FCO;BOG
FCO;CLO
FLL;BOG
FRA;BOG
GCM;BOG
GNV;BOG
GSO;MDE
GUA;CLO
HND;CLO
IAD;BOG
IAH;BOG
IAH;MDE
IND;BOG
IND;MDE
IST;BAQ
JAX;MDE
JFK;BOG
JFK;CLO
JFK;MDE
LAS;BOG
LAS;MDE
LAX;BOG
LAX;MDE
LHR;MDE
LIT;BOG
MAD;CLO
MAD;MDE
MBJ;BOG
MCI;BOG
MCO;BOG
MCO;MDE
MDE;AMS
MDE;ANU
MDE;ATL
MDE;AUA
MDE;BCN
MDE;BGI
MDE;CUN
MDE;CUR
MDE;DEN
MDE;DFW
MDE;DOH
MDE;DXB
MDE;EWR
MDE;GUA
MDE;HND
MDE;HNL
MDE;IAD
MDE;ICN
MDE;JFK
MDE;KIN
MDE;LAS
MDE;LAX
MDE;LHR
MDE;LIR
MDE;MAD
MDE;MEX
MDE;MIA
MDE;MSY
MDE;MXP
MDE;NAS
MDE;NRT
MDE;ORD
MDE;PLS
MDE;PVG
MDE;SAL
MDE;SAN
MDE;SCL
MDE;SDQ
MDE;SFO
MDE;SJO
MDE;SJU
MDE;STI
MDE;SXM
MDE;SYD
MDE;TGU
MDE;TUL
MDE;YUL
MDE;YVR
MDE;YYZ
MEM;CLO
MEM;MDE
MEX;BAQ
MEX;CLO
MEX;CTG
MIA;BAQ
MIA;BOG
MIA;CLO
MIA;CTG
MIA;MDE
MIA;PEI
MKE;BOG
MLI;BOG
MSN;BOG
MSY;BOG
MSY;MDE
MTY;BAQ
NRT;MDE
OKC;BOG
OKC;MDE
ORD;BOG
ORD;MDE
ORF;BOG
ORF;MDE
OSL;CLO
PDX;BOG
PEI;MAD
PEI;MEX
PEI;MIA
PEI;SJU
PHL;BOG
PHL;MDE
PHX;BOG
PHX;MDE
PIT;BOG
PIT;MDE
PNS;BOG
PNS;MDE
POS;BAQ
PUJ;BAQ
PUJ;CLO
PVG;BOG
RDU;BOG
RDU;MDE
RIC;BOG
RIC;MDE
RNO;BOG
SAL;BAQ
SAL;CTG
SAN;BOG
SAN;MDE
SAP;BAQ
SAP;CLO
SAP;MDE
SAT;BOG
SAT;MDE
SAV;MDE
SCL;CLO
SDF;BOG
SDQ;BAQ
SDQ;CTG
SDQ;MDE
SEA;BOG
SEA;MDE
SFO;BOG
SFO;MDE
SJO;BAQ
SJO;BOG
SJO;CLO
SJU;BAQ
SJU;BOG
SJU;MDE
SJU;PEI
SMF;BOG
SNA;BOG
STI;MDE
STL;BOG
STL;MDE
SXM;BOG
SXM;CLO
TLH;CLO
TLH;MDE
TLV;BAQ
TLV;CLO
TPA;BOG
TPA;MDE
TUL;BOG
TUS;BOG
UIO;CTG
UVF;BOG
XNA;BOG
YUL;BOG
YVR;BOG
YYC;BOG
YYZ;BOG
YYZ;CLO
BOG;MIA
BOG;RSW
MIA;BOG
BOG;YYZ
BOG;YYZ
BOG;YYZ
YYZ;BOG
YYZ;BOG
YYZ;BOG
ACR;LCH
ACR;SJE
AGH;BOG
AUA;BOG
BAQ;MTR
BEE;BOG
BGA;RVE
BMG;SJE
BOG;AUA
BOG;BAQ
BOG;CLO
BOG;CLO
BOG;CUR
BOG;EYP
BOG;LET
BOG;LIM
BOG;MLR
BOG;PPN
BOG;PSO
BOG;SJE
BOG;SJO
BOG;UIB
BOG;VVC
CLO;BEE
CLO;BOG
CLO;BOG
CLO;CUC
CLO;MLR
CLO;PPN
CLO;PSO
CLO;SJE
CLO;TCO
CRU;SJE
CUC;CLO
CUR;BOG
EYP;BGA
EYP;BOG
EYP;PCR
EYP;RVE
EYP;SJE
IQT;BOG
IQT;LET
LCH;ACR
LCH;SJE
LET;BOG
LET;CLO
LET;SJE
LIM;BOG
LPD;SJE
LQM;SJE
MFS;SJE
MLR;BOG
MLR;CLO
MLR;PSO
MLR;UIB
MTR;BOG
MVP;LPD
MVP;SJE
PCR;BOG
PCR;EYP
PPN;BOG
PPN;CLO
PSO;BOG
PSO;CLO
PSO;PPN
PTY;BOG
RVE;BGA
RVE;BOG
RVE;EYP
SJE;ACR
SJE;BMG
SJE;BOG
SJE;CLO
SJE;CRU
SJE;EYP
SJE;LCH
SJE;LET
SJE;LQM
SJE;MFS
SJE;MVP
SMR;VUP
TCO;CLO
UIB;BOG
UIB;SMR
VUP;MLR
VVC;BEE
VVI;BOG
VVI;LET
ACE;BOG
ACE;MDE
AGP;BOG
AGP;MDE
ALC;BOG
ALC;MDE
AMS;BOG
AMS;MDE
BCN;BOG
BCN;MDE
BIO;BOG
BIO;MDE
BOG;AGP
BOG;ALC
BOG;AMS
BOG;BCN
BOG;BIO
BOG;BRU
BOG;FCO
BOG;FRA
BOG;LCG
BOG;LGW
BOG;LIS
BOG;LPA
BOG;MAD
BOG;MUC
BOG;MXP
BOG;OPO
BOG;PMI
BOG;TFN
BOG;VGO
BOG;VLC
BOG;ZRH
BRU;BOG
BRU;MDE
FCO;BOG
FCO;MDE
FRA;BOG
FRA;MDE
IBZ;BOG
IBZ;MDE
LCG;BOG
LCG;MDE
LGW;BOG
LGW;MDE
LIS;BOG
LIS;MDE
LPA;BOG
LPA;MDE
MAD;BOG
MAD;MDE
MDE;AGP
MDE;ALC
MDE;AMS
MDE;BCN
MDE;BIO
MDE;BRU
MDE;FCO
MDE;FRA
MDE;LCG
MDE;LGW
MDE;LIS
MDE;LPA
MDE;MAD
MDE;MUC
MDE;MXP
MDE;OPO
MDE;PMI
MDE;TFN
MDE;VGO
MDE;VLC
MDE;ZRH
MUC;BOG
MUC;MDE
MXP;BOG
MXP;MDE
OPO;BOG
OPO;MDE
PMI;BOG
PMI;MDE
TFN;BOG
TFN;MDE
VGO;BOG
VGO;MDE
VLC;BOG
VLC;MDE
ZRH;BOG
ZRH;MDE
ABJ;BOG
AGP;BOG
AMS;BOG
ARN;BOG
ATH;BOG
AUH;BOG
BCN;BOG
BER;BOG
BEY;BOG
BIO;BOG
BIQ;BOG
BLL;BOG
BLQ;BOG
BOD;BOG
BOG;ABJ
BOG;AGP
BOG;AMS
BOG;ARN
BOG;ATH
BOG;BCN
BOG;BER
BOG;BEY
BOG;BIO
BOG;BIQ
BOG;BLL
BOG;BLQ
BOG;BOD
BOG;BSL
BOG;BUD
BOG;CAI
BOG;CAY
BOG;CDG
BOG;CMN
BOG;CPH
BOG;DUB
BOG;DXB
BOG;FCO
BOG;FDF
BOG;FLR
BOG;FRA
BOG;GVA
BOG;HAJ
BOG;HAM
BOG;HND
BOG;IST
BOG;JNB
BOG;LAD
BOG;LHR
BOG;LIS
BOG;LUX
BOG;LYS
BOG;MAD
BOG;MRS
BOG;MUC
BOG;MXP
BOG;NAP
BOG;NCE
BOG;OPO
BOG;OSL
BOG;OTP
BOG;PMI
BOG;PMO
BOG;PRG
BOG;PVG
BOG;RAK
BOG;RBA
BOG;SIN
BOG;STR
BOG;SVO
BOG;TLS
BOG;TLV
BOG;VCE
BOG;VIE
BOG;VLC
BOG;WAW
BOG;ZAG
BOG;ZRH
BOM;BOG
BSL;BOG
BUD;BOG
CAG;BOG
CAI;BOG
CAY;BOG
CDG;BOG
CMN;BOG
CPH;BOG
DEL;BOG
DUB;BOG
DXB;BOG
FCO;BOG
FDF;BOG
FLR;BOG
FRA;BOG
GVA;BOG
HAM;BOG
HAV;BOG
HND;BOG
ICN;BOG
IST;BOG
JNB;BOG
LAD;BOG
LHR;BOG
LIS;BOG
LOS;BOG
LUX;BOG
LYS;BOG
MAD;BOG
MRS;BOG
MUC;BOG
MXP;BOG
NAP;BOG
NCE;BOG
NRT;BOG
OSL;BOG
OTP;BOG
PMO;BOG
PRG;BOG
PTP;BOG
PVG;BOG
RBA;BOG
STR;BOG
SVO;BOG
TLS;BOG
TLV;BOG
VCE;BOG
VIE;BOG
VLC;BOG
WAW;BOG
ZAG;BOG
ZRH;BOG
ACA;BOG
ACA;MDE
AGU;BOG
AGU;MDE
AMS;BOG
AMS;MDE
ATL;MDE
AUS;MDE
BJX;BOG
BJX;MDE
BOG;ACA
BOG;AGU
BOG;AMS
BOG;ATL
BOG;BJX
BOG;CDG
BOG;CEN
BOG;CUL
BOG;CUN
BOG;CUU
BOG;DFW
BOG;GDL
BOG;GUA
BOG;IAD
BOG;IAH
BOG;ICN
BOG;JFK
BOG;LAP
BOG;LAS
BOG;LAX
BOG;LHR
BOG;LIM
BOG;MAD
BOG;MCO
BOG;MEX
BOG;MIA
BOG;MID
BOG;MTT
BOG;MTY
BOG;OAX
BOG;ORD
BOG;SAL
BOG;SAP
BOG;SAT
BOG;SEA
BOG;SFO
BOG;SJD
BOG;SJO
BOG;TAM
BOG;TAP
BOG;TIJ
BOG;TRC
BOG;VSA
BOG;YUL
BOG;YVR
BOG;YYZ
CDG;BOG
CDG;MDE
CEN;BOG
CEN;MDE
CPE;MDE
CUL;BOG
CUL;MDE
CUN;BOG
CUN;MDE
CUU;BOG
CUU;MDE
DEN;MDE
DFW;BOG
DFW;MDE
GDL;BOG
GDL;MDE
GRU;BOG
GUA;BOG
GUA;MDE
HAV;MDE
IAH;BOG
IAH;MDE
ICN;BOG
ICN;MDE
JFK;BOG
JFK;MDE
LAP;BOG
LAP;MDE
LAS;BOG
LAS;MDE
LAX;BOG
LAX;MDE
MAD;BOG
MAD;MDE
MDE;ACA
MDE;AGU
MDE;AMS
MDE;BJX
MDE;CDG
MDE;CEN
MDE;CPE
MDE;CUL
MDE;CUN
MDE;CUU
MDE;DEN
MDE;DFW
MDE;GDL
MDE;GUA
MDE;IAH
MDE;ICN
MDE;JFK
MDE;LAP
MDE;LAS
MDE;LAX
MDE;MAD
MDE;MCO
MDE;MEX
MDE;MGA
MDE;MIA
MDE;MID
MDE;MTT
MDE;MTY
MDE;OAX
MDE;ORD
MDE;SAL
MDE;SAP
MDE;SAT
MDE;SEA
MDE;SFO
MDE;SJD
MDE;SJO
MDE;TAM
MDE;TAP
MDE;TIJ
MDE;TRC
MDE;VSA
MDE;YUL
MDE;YVR
MDE;YYZ
MEX;BOG
MEX;MDE
MIA;BOG
MIA;MDE
MID;BOG
MID;MDE
MTT;MDE
MTY;BOG
MTY;MDE
OAX;BOG
OAX;MDE
ORD;BOG
ORD;MDE
PAZ;BOG
SAP;MDE
SAT;BOG
SAT;MDE
SCL;BOG
SDQ;MDE
SEA;BOG
SEA;MDE
SFO;BOG
SFO;MDE
SJD;BOG
SJD;MDE
SJO;BOG
SJO;MDE
TAM;BOG
TAM;MDE
TAP;BOG
TAP;MDE
TIJ;BOG
TIJ;MDE
TRC;BOG
TRC;MDE
VSA;BOG
VSA;MDE
YUL;BOG
YUL;MDE
YVR;BOG
YVR;MDE
YYZ;BOG
YYZ;MDE
ADZ;BOG
ADZ;CLO
ADZ;CTG
ADZ;MDE
AXM;BOG
BAQ;BOG
BAQ;BOG
BAQ;CLO
BAQ;MDE
BGA;BOG
BGA;MDE
BOG;ADZ
BOG;AXM
BOG;BAQ
BOG;BGA
BOG;CLO
BOG;CTG
BOG;CTG
BOG;CUC
BOG;LET
BOG;MDE
BOG;MTR
BOG;PEI
BOG;PEI
BOG;PSO
BOG;PSO
BOG;SMR
BOG;VUP
CLO;ADZ
CLO;BAQ
CLO;BOG
CLO;BOG
CLO;CTG
CLO;MDE
CLO;MDE
CLO;SMR
CTG;ADZ
CTG;BOG
CTG;BOG
CTG;CLO
CTG;MDE
CUC;BOG
CUC;MDE
LET;BOG
MDE;ADZ
MDE;BAQ
MDE;BGA
MDE;BOG
MDE;BOG
MDE;CLO
MDE;CTG
MDE;CUC
MDE;MTR
MDE;SMR
MTR;BOG
MTR;MDE
PEI;BOG
PEI;BOG
PSO;BOG
PSO;BOG
SMR;BOG
SMR;BOG
SMR;CLO
SMR;MDE
VUP;BOG
BOG;BRC
BOG;BUE
BOG;COR
BOG;IGR
BOG;NQN
BOG;SLA
BRC;BOG
BUE;BOG
COR;BOG
CRD;BOG
MDZ;BOG
NQN;BOG
RGA;BOG
SLA;BOG
TUC;BOG
ADZ;AXM
ADZ;BAQ
ADZ;BGA
ADZ;BOG
ADZ;BUE
ADZ;CLO
ADZ;CTG
ADZ;CUC
ADZ;CUR
ADZ;GRU
ADZ;GYE
ADZ;JFK
ADZ;LPB
ADZ;MDE
ADZ;MIA
ADZ;MTR
ADZ;PEI
ADZ;SAL
ADZ;SCL
ADZ;SMR
ADZ;UIO
AUA;ADZ
AUA;AXM
AUA;BAQ
AUA;BGA
AUA;BOG
AUA;CLO
AUA;CTG
AUA;CUC
AUA;MDE
AUA;MTR
AUA;PEI
AXM;ADZ
AXM;AUA
AXM;BAQ
AXM;BCN
AXM;BGA
AXM;BOG
AXM;BUE
AXM;CTG
AXM;CUC
AXM;CUN
AXM;CUR
AXM;GRU
AXM;GUA
AXM;JFK
AXM;LAX
AXM;MAD
AXM;MDE
AXM;MEX
AXM;MIA
AXM;MTR
AXM;PTY
AXM;PUJ
AXM;RCH
AXM;SCL
AXM;SDQ
AXM;SJO
AXM;SJU
AXM;SMR
AXM;UIO
AXM;VUP
BAQ;ADZ
BAQ;AUA
BAQ;AXM
BAQ;BCN
BAQ;BGA
BAQ;BOG
BAQ;BUE
BAQ;CLO
BAQ;CUC
BAQ;CUN
BAQ;CUR
BAQ;FLL
BAQ;GRU
BAQ;GUA
BAQ;GYE
BAQ;IAD
BAQ;JFK
BAQ;LAX
BAQ;LET
BAQ;LPB
BAQ;MAD
BAQ;MCO
BAQ;MDE
BAQ;MEX
BAQ;MIA
BAQ;MTR
BAQ;PEI
BAQ;PSO
BAQ;PTY
BAQ;PUJ
BAQ;SAL
BAQ;SCL
BAQ;SDQ
BAQ;SJO
BAQ;SJU
BAQ;UIO
BCN;AXM
BCN;BAQ
BCN;BGA
BCN;BOG
BCN;CLO
BCN;CTG
BCN;CUC
BCN;MDE
BCN;MTR
BCN;PEI
BCN;PSO
BCN;RCH
BCN;SMR
BCN;VUP
BGA;ADZ
BGA;AUA
BGA;AXM
BGA;BAQ
BGA;BCN
BGA;BOG
BGA;BUE
BGA;CLO
BGA;CTG
BGA;CUN
BGA;CUR
BGA;FLL
BGA;GRU
BGA;GUA
BGA;GYE
BGA;IAD
BGA;JFK
BGA;LAX
BGA;LET
BGA;LPB
BGA;MAD
BGA;MCO
BGA;MDE
BGA;MEX
BGA;MIA
BGA;MTR
BGA;PEI
BGA;PSO
BGA;PTY
BGA;PUJ
BGA;RCH
BGA;SCL
BGA;SDQ
BGA;SJO
BGA;SJU
BGA;SMR
BGA;UIO
BGA;VUP
BOG;ADZ
BOG;AUA
BOG;AXM
BOG;BAQ
BOG;BCN
BOG;BGA
BOG;BGA
BOG;BUE
BOG;CLO
BOG;CLO
BOG;CTG
BOG;CUC
BOG;CUN
BOG;CUR
BOG;FLL
BOG;GRU
BOG;GUA
BOG;GYE
BOG;IAD
BOG;JFK
BOG;LAX
BOG;LET
BOG;LPB
BOG;MAD
BOG;MCO
BOG;MDE
BOG;MDE
BOG;MEX
BOG;MIA
BOG;MTR
BOG;PEI
BOG;PEI
BOG;PSO
BOG;PTY
BOG;PUJ
BOG;RCH
BOG;SAL
BOG;SCL
BOG;SDQ
BOG;SJO
BOG;SJU
BOG;SMR
BOG;UIO
BOG;UIO
BOG;VUP
BOG;VVI
BUE;ADZ
BUE;AXM
BUE;BAQ
BUE;BGA
BUE;BOG
BUE;CLO
BUE;CTG
BUE;CUC
BUE;MDE
BUE;MTR
BUE;PEI
BUE;PSO
BUE;RCH
BUE;SMR
BUE;VUP
CLO;ADZ
CLO;AUA
CLO;BAQ
CLO;BCN
CLO;BGA
CLO;BOG
CLO;BUE
CLO;CTG
CLO;CUC
CLO;CUN
CLO;CUR
CLO;FLL
CLO;GRU
CLO;GUA
CLO;GYE
CLO;IAD
CLO;JFK
CLO;LAX
CLO;LET
CLO;LPB
CLO;MAD
CLO;MCO
CLO;MDE
CLO;MEX
CLO;MIA
CLO;MTR
CLO;PEI
CLO;PSO
CLO;PTY
CLO;PUJ
CLO;RCH
CLO;SAL
CLO;SCL
CLO;SDQ
CLO;SJO
CLO;SJU
CLO;SMR
CLO;UIO
CLO;VUP
CTG;ADZ
CTG;AUA
CTG;AXM
CTG;BCN
CTG;BGA
CTG;BOG
CTG;BUE
CTG;CLO
CTG;CUC
CTG;CUN
CTG;CUR
CTG;FLL
CTG;GRU
CTG;GUA
CTG;GYE
CTG;IAD
CTG;JFK
CTG;LAX
CTG;LET
CTG;LPB
CTG;MAD
CTG;MCO
CTG;MDE
CTG;MEX
CTG;MIA
CTG;PEI
CTG;PSO
CTG;PTY
CTG;PUJ
CTG;SCL
CTG;SDQ
CTG;SJO
CTG;SJU
CTG;UIO
CUC;ADZ
CUC;AUA
CUC;AXM
CUC;BAQ
CUC;BCN
CUC;BOG
CUC;BUE
CUC;CLO
CUC;CTG
CUC;CUN
CUC;CUR
CUC;FLL
CUC;GRU
CUC;GUA
CUC;GYE
CUC;IAD
CUC;JFK
CUC;LAX
CUC;LET
CUC;LPB
CUC;MAD
CUC;MCO
CUC;MDE
CUC;MEX
CUC;MIA
CUC;MTR
CUC;PEI
CUC;PSO
CUC;PTY
CUC;PUJ
CUC;RCH
CUC;SAL
CUC;SCL
CUC;SDQ
CUC;SJO
CUC;SJU
CUC;SMR
CUC;UIO
CUN;AXM
CUN;BAQ
CUN;BGA
CUN;BOG
CUN;CLO
CUN;CTG
CUN;CUC
CUN;MDE
CUN;MTR
CUN;PEI
CUN;PSO
CUN;SMR
CUR;ADZ
CUR;AXM
CUR;BAQ
CUR;BGA
CUR;BOG
CUR;CLO
CUR;CTG
CUR;CUC
CUR;MDE
CUR;PEI
CUR;SMR
FLL;AXM
FLL;BAQ
FLL;BGA
FLL;BOG
FLL;CLO
FLL;CTG
FLL;CUC
FLL;MDE
FLL;PEI
FLL;PSO
GRU;ADZ
GRU;AXM
GRU;BAQ
GRU;BGA
GRU;BOG
GRU;CLO
GRU;CTG
GRU;CUC
GRU;MDE
GRU;MTR
GRU;PEI
GRU;PSO
GRU;SMR
GRU;VUP
GUA;AXM
GUA;BAQ
GUA;BGA
GUA;BOG
GUA;CLO
GUA;CTG
GUA;CUC
GUA;MDE
GUA;PEI
GYE;ADZ
GYE;BAQ
GYE;BGA
GYE;BOG
GYE;CLO
GYE;CTG
GYE;CUC
GYE;MDE
GYE;MTR
GYE;PEI
GYE;SMR
GYE;VUP
IAD;ADZ
IAD;AXM
IAD;BAQ
IAD;BGA
IAD;BOG
IAD;CLO
IAD;CTG
IAD;CUC
IAD;MDE
IAD;PEI
IAD;SMR
JFK;ADZ
JFK;AXM
JFK;BAQ
JFK;BGA
JFK;BOG
JFK;CLO
JFK;CTG
JFK;CUC
JFK;MDE
JFK;MTR
JFK;PEI
JFK;PSO
JFK;SMR
JFK;VUP
LAX;AXM
LAX;BAQ
LAX;BGA
LAX;BOG
LAX;CLO
LAX;CTG
LAX;CUC
LAX;LET
LAX;MDE
LAX;MTR
LAX;PEI
LAX;PSO
LAX;RCH
LAX;SMR
LAX;VUP
LET;AXM
LET;BAQ
LET;BGA
LET;BOG
LET;CLO
LET;CTG
LET;JFK
LET;MDE
LET;MIA
LET;PEI
LET;SMR
LPB;ADZ
LPB;BGA
LPB;BOG
LPB;CLO
LPB;CTG
LPB;CUC
LPB;LET
LPB;MDE
LPB;PEI
LPB;SMR
LPB;VUP
MAD;ADZ
MAD;AXM
MAD;BAQ
MAD;BGA
MAD;BOG
MAD;CLO
MAD;CTG
MAD;CUC
MAD;MDE
MAD;MTR
MAD;PEI
MAD;PSO
MAD;RCH
MAD;SMR
MAD;VUP
MCO;ADZ
MCO;BAQ
MCO;BGA
MCO;BOG
MCO;CLO
MCO;CTG
MCO;CUC
MCO;MDE
MCO;MTR
MCO;PEI
MCO;PSO
MCO;SMR
MCO;VUP
MDE;ADZ
MDE;AUA
MDE;AXM
MDE;BAQ
MDE;BCN
MDE;BGA
MDE;BOG
MDE;BUE
MDE;CLO
MDE;CTG
MDE;CUC
MDE;CUN
MDE;CUR
MDE;FLL
MDE;GRU
MDE;GUA
MDE;GYE
MDE;IAD
MDE;JFK
MDE;LAX
MDE;LET
MDE;LPB
MDE;MAD
MDE;MCO
MDE;MEX
MDE;MIA
MDE;MTR
MDE;PEI
MDE;PSO
MDE;PTY
MDE;PUJ
MDE;RCH
MDE;SAL
MDE;SCL
MDE;SDQ
MDE;SJO
MDE;SJU
MDE;SMR
MDE;UIO
MDE;VUP
MEX;AXM
MEX;BAQ
MEX;BGA
MEX;BOG
MEX;CLO
MEX;CTG
MEX;CUC
MEX;MDE
MEX;MTR
MEX;PEI
MEX;PSO
MEX;RCH
MEX;SMR
MEX;VUP
MIA;ADZ
MIA;AXM
MIA;BAQ
MIA;BAQ
MIA;BGA
MIA;BOG
MIA;CLO
MIA;CLO
MIA;CTG
MIA;CUC
MIA;MDE
MIA;MTR
MIA;PEI
MIA;PSO
MIA;RCH
MIA;SMR
MIA;VUP
MTR;ADZ
MTR;AXM
MTR;BCN
MTR;BGA
MTR;BOG
MTR;BUE
MTR;CLO
MTR;CUC
MTR;CUN
MTR;CUR
MTR;FLL
MTR;GRU
MTR;JFK
MTR;LAX
MTR;LET
MTR;MAD
MTR;MCO
MTR;MDE
MTR;MEX
MTR;MIA
MTR;PEI
MTR;PSO
MTR;PTY
MTR;PUJ
MTR;RCH
MTR;SCL
MTR;SDQ
MTR;SJO
MTR;UIO
MTR;VUP
PEI;ADZ
PEI;AUA
PEI;BAQ
PEI;BCN
PEI;BGA
PEI;BOG
PEI;BOG
PEI;BUE
PEI;CLO
PEI;CTG
PEI;CUC
PEI;CUN
PEI;CUR
PEI;FLL
PEI;GRU
PEI;GUA
PEI;GYE
PEI;IAD
PEI;JFK
PEI;LAX
PEI;LET
PEI;LPB
PEI;MAD
PEI;MCO
PEI;MDE
PEI;MDE
PEI;MEX
PEI;MIA
PEI;MTR
PEI;PSO
PEI;PTY
PEI;PUJ
PEI;RCH
PEI;SCL
PEI;SDQ
PEI;SJO
PEI;SJU
PEI;SMR
PEI;UIO
PEI;VUP
PSO;ADZ
PSO;AXM
PSO;BAQ
PSO;BGA
PSO;BOG
PSO;BUE
PSO;CLO
PSO;CTG
PSO;CUC
PSO;CUN
PSO;CUR
PSO;GRU
PSO;GUA
PSO;GYE
PSO;JFK
PSO;LAX
PSO;MAD
PSO;MDE
PSO;MIA
PSO;MTR
PSO;PEI
PSO;PTY
PSO;RCH
PSO;SDQ
PSO;SJU
PSO;SMR
PSO;VUP
PTY;AXM
PTY;BAQ
PTY;BGA
PTY;BOG
PTY;CLO
PTY;CTG
PTY;CUC
PTY;MDE
PTY;MTR
PTY;PEI
PTY;PSO
PTY;SMR
PUJ;AXM
PUJ;BAQ
PUJ;BGA
PUJ;BOG
PUJ;CLO
PUJ;CTG
PUJ;CUC
PUJ;MDE
PUJ;PEI
PUJ;PSO
PUJ;SMR
PUJ;VUP
RCH;AXM
RCH;BCN
RCH;BGA
RCH;BOG
RCH;BUE
RCH;CLO
RCH;CUC
RCH;GRU
RCH;JFK
RCH;MDE
RCH;MEX
RCH;MIA
RCH;MTR
RCH;PEI
RCH;PTY
RCH;SCL
SAL;AXM
SAL;BAQ
SAL;BOG
SAL;CTG
SAL;MDE
SCL;ADZ
SCL;AXM
SCL;BAQ
SCL;BGA
SCL;BOG
SCL;CLO
SCL;CTG
SCL;CUC
SCL;MDE
SCL;MTR
SCL;PEI
SCL;PSO
SCL;RCH
SCL;SMR
SCL;VUP
SDQ;BAQ
SDQ;BGA
SDQ;BOG
SDQ;CLO
SDQ;CTG
SDQ;CUC
SDQ;MDE
SDQ;MTR
SDQ;PEI
SDQ;SMR
SDQ;VUP
SJO;AXM
SJO;BAQ
SJO;BGA
SJO;BOG
SJO;CLO
SJO;CTG
SJO;CUC
SJO;MDE
SJO;MTR
SJO;PEI
SJO;PSO
SJO;SMR
SJO;VUP
SJU;AXM
SJU;BAQ
SJU;BGA
SJU;BOG
SJU;CLO
SJU;CTG
SJU;CUC
SJU;MDE
SJU;PEI
SJU;SMR
SJU;VUP
SMR;ADZ
SMR;AXM
SMR;BCN
SMR;BGA
SMR;BOG
SMR;BUE
SMR;CLO
SMR;CUC
SMR;CUN
SMR;CUR
SMR;FLL
SMR;GRU
SMR;GUA
SMR;GYE
SMR;IAD
SMR;JFK
SMR;LAX
SMR;LET
SMR;LPB
SMR;MAD
SMR;MCO
SMR;MDE
SMR;MEX
SMR;MIA
SMR;PEI
SMR;PSO
SMR;PTY
SMR;PUJ
SMR;SAL
SMR;SCL
SMR;SDQ
SMR;SJO
SMR;SJU
SMR;UIO
UIO;ADZ
UIO;ADZ
UIO;AXM
UIO;AXM
UIO;BAQ
UIO;BGA
UIO;BGA
UIO;BOG
UIO;BOG
UIO;CLO
UIO;CLO
UIO;CTG
UIO;CTG
UIO;CUC
UIO;CUC
UIO;MDE
UIO;MDE
UIO;MTR
UIO;PEI
UIO;PEI
UIO;SMR
UIO;SMR
VUP;ADZ
VUP;AXM
VUP;BCN
VUP;BGA
VUP;BOG
VUP;BUE
VUP;CLO
VUP;CUN
VUP;GRU
VUP;JFK
VUP;LAX
VUP;MAD
VUP;MDE
VUP;MEX
VUP;MIA
VUP;MTR
VUP;PEI
VUP;PTY
VUP;PUJ
VUP;SCL
VUP;SJO
VUP;SJU
VUP;UIO
VVI;BOG
BAQ;PTY
BGA;PTY
BOG;PTY
CLO;PTY
CTG;PTY
MDE;PTY
PEI;PTY
PTY;BAQ
PTY;BGA
PTY;BOG
PTY;CLO
PTY;CTG
PTY;MDE
PTY;PEI
BOG;PTY
PTY;BOG
ABE;BOG
ABQ;BOG
ABY;BOG
AEX;BOG
AGS;BOG
ALB;BOG
AMS;BOG
ATL;BOG
AUS;BOG
AVL;BOG
AVP;BOG
BAQ;BOG
BCN;BOG
BDL;BOG
BGA;BOG
BGM;BOG
BGR;BOG
BHM;BOG
BJX;BOG
BLI;BOG
BMI;BOG
BNE;BOG
BOG;ABE
BOG;ABQ
BOG;ABY
BOG;AEX
BOG;AGP
BOG;AGS
BOG;ALB
BOG;AMS
BOG;ATL
BOG;AUS
BOG;AVL
BOG;AZO
BOG;BAQ
BOG;BCN
BOG;BDL
BOG;BGA
BOG;BGR
BOG;BHM
BOG;BMI
BOG;BNE
BOG;BOI
BOG;BOM
BOG;BOS
BOG;BQK
BOG;BRU
BOG;BSL
BOG;BTV
BOG;BUF
BOG;BWI
BOG;BZN
BOG;CAE
BOG;CAK
BOG;CAN
BOG;CBR
BOG;CDG
BOG;CHA
BOG;CHO
BOG;CHS
BOG;CID
BOG;CLE
BOG;CLO
BOG;CLT
BOG;CMH
BOG;COS
BOG;CRW
BOG;CTG
BOG;CUC
BOG;CUN
BOG;CVG
BOG;CZM
BOG;DAB
BOG;DAL
BOG;DAY
BOG;DEL
BOG;DEN
BOG;DFW
BOG;DLH
BOG;DOH
BOG;DTW
BOG;DUB
BOG;ELM
BOG;ELP
BOG;EVV
BOG;EWN
BOG;EWR
BOG;EYW
BOG;FAR
BOG;FAT
BOG;FAY
BOG;FCO
BOG;FLL
BOG;FLR
BOG;FNT
BOG;FRA
BOG;FSD
BOG;FWA
BOG;GDL
BOG;GEG
BOG;GIG
BOG;GNV
BOG;GPT
BOG;GRK
BOG;GRR
BOG;GRU
BOG;GSO
BOG;GTF
BOG;GUA
BOG;HAJ
BOG;HAM
BOG;HKG
BOG;HLN
BOG;HND
BOG;HOU
BOG;HPN
BOG;HSV
BOG;IAD
BOG;IAH
BOG;ICN
BOG;ICT
BOG;ILM
BOG;IND
BOG;JAN
BOG;JAX
BOG;JFK
BOG;JNB
BOG;KEF
BOG;KIN
BOG;LAS
BOG;LAX
BOG;LEX
BOG;LFT
BOG;LHR
BOG;LIM
BOG;LIR
BOG;LIS
BOG;LIT
BOG;LNK
BOG;LOS
BOG;MAD
BOG;MBJ
BOG;MBS
BOG;MCI
BOG;MCO
BOG;MDE
BOG;MDT
BOG;MDW
BOG;MEM
BOG;MEX
BOG;MFR
BOG;MGA
BOG;MHT
BOG;MIA
BOG;MKE
BOG;MLI
BOG;MLU
BOG;MNL
BOG;MOB
BOG;MRS
BOG;MSN
BOG;MSO
BOG;MSP
BOG;MSY
BOG;MTY
BOG;MUC
BOG;MXP
BOG;MYR
BOG;NAP
BOG;NAS
BOG;NGO
BOG;NRT
BOG;OAJ
BOG;OAK
BOG;OKC
BOG;OMA
BOG;ONT
BOG;ORD
BOG;ORF
BOG;PBI
BOG;PDX
BOG;PEI
BOG;PEK
BOG;PHF
BOG;PHL
BOG;PHX
BOG;PIA
BOG;PIT
BOG;PMI
BOG;PNS
BOG;PSP
BOG;PTY
BOG;PUJ
BOG;PVD
BOG;PVG
BOG;PWM
BOG;RDU
BOG;RIC
BOG;RNO
BOG;ROA
BOG;ROC
BOG;RST
BOG;RSW
BOG;SAL
BOG;SAN
BOG;SAT
BOG;SAV
BOG;SBN
BOG;SDF
BOG;SDQ
BOG;SEA
BOG;SFO
BOG;SGF
BOG;SHV
BOG;SIN
BOG;SJO
BOG;SJU
BOG;SMF
BOG;SMR
BOG;SNA
BOG;SRQ
BOG;STL
BOG;STR
BOG;SVO
BOG;SWF
BOG;SYD
BOG;SYR
BOG;TLH
BOG;TLS
BOG;TLV
BOG;TPA
BOG;TRI
BOG;TUL
BOG;TUS
BOG;TVC
BOG;TXL
BOG;TYS
BOG;UIO
BOG;VCE
BOG;VIE
BOG;VLC
BOG;VLD
BOG;XNA
BOG;YMM
BOG;YQB
BOG;YUL
BOG;YVR
BOG;YWG
BOG;YYC
BOG;YYJ
BOG;YYZ
BOG;ZRH
BOI;BOG
BOM;BOG
BOS;BOG
BQK;BOG
BRU;BOG
BTV;BOG
BUF;BOG
BWI;BOG
BZN;BOG
CAE;BOG
CAK;BOG
CAN;BOG
CBR;BOG
CDG;BOG
CHA;BOG
CHO;BOG
CHS;BOG
CID;BOG
CLE;BOG
CLO;BOG
CLT;BOG
CMH;BOG
COS;BOG
CRW;BOG
CTG;BOG
CUC;BOG
CUN;BOG
CVG;BOG
DAB;BOG
DAL;BOG
DAY;BOG
DEN;BOG
DFW;BOG
DKR;BOG
DLH;BOG
DTW;BOG
DUB;BOG
ELM;BOG
ELP;BOG
EVV;BOG
EWN;BOG
EWR;BOG
EYW;BOG
FAR;BOG
FAT;BOG
FAY;BOG
FCO;BOG
FLL;BOG
FLR;BOG
FNT;BOG
FRA;BOG
FSD;BOG
FSM;BOG
FWA;BOG
GCM;BOG
GDL;BOG
GEG;BOG
GIG;BOG
GNV;BOG
GPT;BOG
GRK;BOG
GRR;BOG
GRU;BOG
GSO;BOG
GTF;BOG
GUA;BOG
HAV;BOG
HKG;BOG
HNL;BOG
HOU;BOG
HPN;BOG
HSV;BOG
IAD;BOG
IAH;BOG
ICN;BOG
ICT;BOG
IDA;BOG
ILM;BOG
IND;BOG
JAN;BOG
JAX;BOG
JFK;BOG
JNB;BOG
KIN;BOG
LAN;BOG
LAS;BOG
LAX;BOG
LEX;BOG
LFT;BOG
LGB;BOG
LHR;BOG
LIM;BOG
LIR;BOG
LIS;BOG
LIT;BOG
LNK;BOG
LOS;BOG
MAD;BOG
MBJ;BOG
MBS;BOG
MCI;BOG
MCO;BOG
MDE;BOG
MDT;BOG
MDW;BOG
MEM;BOG
MEX;BOG
MFR;BOG
MGA;BOG
MHT;BOG
MIA;BOG
MKE;BOG
MLI;BOG
MLU;BOG
MNL;BOG
MOB;BOG
MSN;BOG
MSO;BOG
MSP;BOG
MSY;BOG
MTY;BOG
MUC;BOG
MXP;BOG
MYR;BOG
NAP;BOG
NAS;BOG
NRT;BOG
OAJ;BOG
OAK;BOG
OKC;BOG
OMA;BOG
ORD;BOG
ORF;BOG
PBI;BOG
PDX;BOG
PEI;BOG
PEK;BOG
PHF;BOG
PHL;BOG
PHX;BOG
PIA;BOG
PIT;BOG
PMI;BOG
PNS;BOG
PSP;BOG
PTY;BOG
PUJ;BOG
PVD;BOG
PVG;BOG
PWM;BOG
RDM;BOG
RDU;BOG
RIC;BOG
RNO;BOG
ROA;BOG
ROC;BOG
RST;BOG
RSW;BOG
SAN;BOG
SAT;BOG
SAV;BOG
SBN;BOG
SCL;BOG
SDF;BOG
SDQ;BOG
SEA;BOG
SFO;BOG
SGF;BOG
SGU;BOG
SHV;BOG
SIN;BOG
SJO;BOG
SJU;BOG
SMF;BOG
SMR;BOG
SNA;BOG
SRQ;BOG
STI;BOG
STL;BOG
STR;BOG
SYD;BOG
SYR;BOG
TLH;BOG
TPA;BOG
TPE;BOG
TRI;BOG
TUL;BOG
TUS;BOG
TVC;BOG
TYS;BOG
UIO;BOG
VCE;BOG
VIE;BOG
VLD;BOG
XNA;BOG
YHZ;BOG
YMM;BOG
YOW;BOG
YUL;BOG
YVR;BOG
YWG;BOG
YYC;BOG
YYJ;BOG
YYZ;BOG
ZRH;BOG
ABZ;BOG
ACC;BOG
AGP;BOG
AMM;BOG
AMS;BOG
ARN;BOG
ATH;BOG
AUH;BOG
BCN;BOG
BER;BOG
BEY;BOG
BGY;BOG
BHX;BOG
BIO;BOG
BLL;BOG
BLQ;BOG
BOG;ABZ
BOG;ACC
BOG;AGP
BOG;AMM
BOG;AMS
BOG;ARN
BOG;ATH
BOG;AUH
BOG;BCN
BOG;BER
BOG;BEY
BOG;BGY
BOG;BHX
BOG;BIO
BOG;BLL
BOG;BLQ
BOG;BOM
BOG;BRU
BOG;BSL
BOG;BUD
BOG;CAG
BOG;CAI
BOG;CAN
BOG;CDG
BOG;CMN
BOG;CPH
BOG;DBV
BOG;DEL
BOG;DOH
BOG;DUB
BOG;DXB
BOG;ESB
BOG;FCO
BOG;FLR
BOG;FRA
BOG;GVA
BOG;HAJ
BOG;HAM
BOG;HKG
BOG;HND
BOG;ICN
BOG;IST
BOG;JNB
BOG;KEF
BOG;KUL
BOG;KWI
BOG;LAD
BOG;LEJ
BOG;LHR
BOG;LIS
BOG;LOS
BOG;LUX
BOG;LYS
BOG;MAA
BOG;MAD
BOG;MNL
BOG;MRS
BOG;MUC
BOG;MXP
BOG;NAP
BOG;NCE
BOG;NGO
BOG;NRT
BOG;NUE
BOG;OPO
BOG;OSL
BOG;OTP
BOG;PEK
BOG;PMI
BOG;PMO
BOG;PRG
BOG;PVG
BOG;RIX
BOG;RUH
BOG;SIN
BOG;STR
BOG;TLS
BOG;TLV
BOG;TXL
BOG;VAR
BOG;VCE
BOG;VIE
BOG;VKO
BOG;VLC
BOG;VRN
BOG;WAW
BOG;ZAG
BOG;ZRH
BOM;BOG
BRU;BOG
BSL;BOG
BUD;BOG
CAG;BOG
CAI;BOG
CAN;BOG
CDG;BOG
CMN;BOG
CPH;BOG
DBV;BOG
DEL;BOG
DOH;BOG
DUB;BOG
DXB;BOG
ESB;BOG
FCO;BOG
FLR;BOG
FRA;BOG
GVA;BOG
HAJ;BOG
HAM;BOG
HKG;BOG
HND;BOG
ICN;BOG
IST;BOG
JNB;BOG
KEF;BOG
KUL;BOG
KWI;BOG
LAD;BOG
LEJ;BOG
LHR;BOG
LIS;BOG
LOS;BOG
LUX;BOG
LYS;BOG
MAA;BOG
MAD;BOG
MNL;BOG
MRS;BOG
MUC;BOG
MXP;BOG
NAP;BOG
NCE;BOG
NGO;BOG
NRT;BOG
NUE;BOG
OPO;BOG
OSL;BOG
OTP;BOG
PEK;BOG
PMI;BOG
PMO;BOG
PRG;BOG
PVG;BOG
RIX;BOG
RUH;BOG
SIN;BOG
STR;BOG
TLS;BOG
TLV;BOG
TXL;BOG
VAR;BOG
VCE;BOG
VIE;BOG
VKO;BOG
VLC;BOG
VRN;BOG
WAW;BOG
ZAG;BOG
ZRH;BOG
APO;EOH
APO;MDE
AUC;BGA
AUC;BOG
AUC;CUC
AUC;EOH
AXM;BOG
AXM;EOH
BAQ;BGA
BAQ;MTR
BGA;AUC
BGA;BAQ
BGA;CTG
BGA;CUC
BGA;EOH
BGA;EYP
BOG;AUC
BOG;AXM
BOG;EJA
BOG;EYP
BOG;FLA
BOG;IDA
BOG;MTC
BOG;MVP
BOG;MZL
BOG;NVA
BOG;PEI
BOG;PPN
BOG;PUU
BOG;SJE
BOG;UIB
BOG;VVC
CLO;EOH
CLO;GPI
CLO;NVA
CLO;PSO
CLO;PUU
CLO;TCO
CLO;UIB
CLO;VVC
CTG;BGA
CUC;AUC
CUC;BGA
CUC;EOH
CZU;EOH
EJA;BOG
EOH;APO
EOH;AUC
EOH;AXM
EOH;BGA
EOH;CLO
EOH;CUC
EOH;CZU
EOH;FLA
EOH;IBE
EOH;MTR
EOH;MZL
EOH;NVA
EOH;PEI
EOH;PPN
EOH;PSO
EOH;UIB
EOH;VVC
EYP;BGA
EYP;BOG
FLA;BOG
FLA;EOH
GPI;CLO
IBE;EOH
IDA;BOG
IDA;VVC
MDE;APO
MDE;PEI
MTC;BOG
MTC;VVC
MTR;BAQ
MTR;EOH
MVP;BOG
MVP;VVC
MZL;BOG
MZL;EOH
NVA;BOG
NVA;CLO
NVA;EOH
NVA;PUU
PEI;BOG
PEI;EOH
PEI;MDE
PPN;BOG
PPN;EOH
PSO;CLO
PSO;EOH
PUU;BOG
PUU;CLO
PUU;NVA
SJE;BOG
TCO;CLO
UIB;BOG
UIB;CLO
UIB;EOH
VVC;BOG
VVC;CLO
VVC;EOH
VVC;IDA
VVC;MTC
VVC;MVP
BAQ;CUR
CUR;BAQ
BOG;MDE
BOG;MIA
MDE;MIA
MIA;BOG
AUA;BOG
BOG;AUA
BOG;GYE
BOG;PTY
BOG;UIO
BOG;VVI
GYE;BOG
PTY;BOG
UIO;BOG
VVI;BOG
BOG;MIA
BOG;MIA
MIA;BOG
MIA;BOG
AGH;BOG
BAQ;BOG
BAQ;EOH
BAQ;LMA
BAQ;MTR
BAQ;PBO
BGA;EOH
BGA;MTR
BOG;AGH
BOG;BAQ
BOG;CBR
BOG;EOH
BOG;GIR
BOG;LMA
BOG;LMC
BOG;PGT
BOG;PUU
BOG;VGP
BOG;VLA
CBR;BOG
CLO;BOG
CLO;LMC
CLO;PEI
CTG;BAQ
CTG;MDE
EOH;BAQ
EOH;BGA
EOH;CLO
EOH;MTR
EOH;VVC
GIR;BOG
IBE;MZL
LMA;BAQ
LMA;BOG
LMA;PBO
LMC;BOG
LMC;CLO
MDE;BAQ
MDE;EOH
MTR;BAQ
MTR;BGA
MTR;CTG
MZL;PEI
NVA;EOH
NVA;IBE
PBO;BAQ
PBO;LMA
PEI;EOH
PGT;BOG
PUU;BOG
VGP;BOG
VLA;BOG
VVC;NVA
ANU;BOG
BAQ;BOG
BGA;BOG
BGA;GIR
BOG;BGA
BOG;BOG
BOG;CLO
BOG;CTG
BOG;EOH
BOG;ILG
BOG;LRM
BOG;MDE
BOG;MTR
BOG;NVA
BOG;OPF
BOG;PTY
BOG;PUJ
BOG;VUP
CLO;BOG
CLO;UIO
CTG;BOG
CTG;CTG
CTG;EOH
EOH;BOG
EOH;GEO
GEO;EOH
GIR;BOG
LRM;BOG
MDE;BAQ
MDE;BOG
MTR;MDE
NVA;BOG
NVA;PUU
OPF;BOG
PTY;BOG
PUJ;BOG
PUU;NVA
UIO;CLO
VUP;CTG
BOG;MAD
CLO;MAD
MAD;BOG
MAD;CLO
BOG;SCL
CLO;SCL
SCL;BOG
SCL;CLO
ACK;BOG
ATL;BOG
ATL;CTG
ATL;MDE
AUS;CTG
AUS;MDE
BDL;BOG
BDL;CTG
BDL;MDE
BOG;ATL
BOG;AUS
BOG;BDL
BOG;BGI
BOG;BOS
BOG;BUF
BOG;CHS
BOG;CLE
BOG;DEN
BOG;EWR
BOG;FLL
BOG;HPN
BOG;IAH
BOG;JAX
BOG;JFK
BOG;LAS
BOG;LAX
BOG;MCO
BOG;MSY
BOG;ORD
BOG;PDX
BOG;PHL
BOG;PHX
BOG;PVD
BOG;RDU
BOG;RIC
BOG;SAN
BOG;SAV
BOG;SEA
BOG;SFO
BOG;SJU
BOS;BOG
BOS;CTG
BOS;MDE
BUF;BOG
BUF;CTG
BUR;CTG
CHS;BOG
CHS;CTG
CHS;MDE
CLE;CTG
CLE;MDE
CTG;ATL
CTG;BOS
CTG;CHS
CTG;EWR
CTG;FLL
CTG;JFK
CTG;LAS
CTG;LAX
CTG;MSY
CTG;SFO
CTG;SJU
DEN;CTG
EWR;BOG
EWR;CTG
EWR;MDE
EYW;MDE
FLL;BOG
FLL;CTG
FLL;MDE
HPN;CTG
IAH;BOG
JAX;BOG
JAX;CTG
JAX;MDE
JFK;BOG
JFK;CTG
JFK;MDE
LAS;BOG
LAS;MDE
LAX;BOG
LAX;CTG
LAX;MDE
LGB;CTG
MCO;BOG
MCO;CTG
MCO;MDE
MDE;ATL
MDE;AUS
MDE;BDL
MDE;BOS
MDE;CHS
MDE;CLE
MDE;EWR
MDE;FLL
MDE;JAX
MDE;JFK
MDE;LAX
MDE;MSY
MDE;ORD
MDE;ORH
MDE;PHL
MDE;PHX
MDE;PVD
MDE;RDU
MSY;CTG
MSY;MDE
NAS;BOG
ORD;BOG
ORD;CTG
ORD;MDE
ORH;CTG
PAP;BOG
PDX;CTG
PDX;MDE
PHL;CTG
PHL;MDE
PHX;CTG
PHX;MDE
PVD;CTG
PVD;MDE
PWM;BOG
RDU;BOG
RDU;CTG
RDU;MDE
RIC;CTG
RIC;MDE
ROC;CTG
SAN;BOG
SAN;MDE
SEA;CTG
SEA;MDE
SFO;BOG
SFO;CTG
SFO;MDE
SJU;BOG
SJU;CTG
SJU;MDE
SRQ;BOG
SYR;CTG
TPA;MDE
ABZ;BOG
ACC;BOG
AGP;BOG
AGP;CTG
ALC;BOG
ALC;CTG
AMS;BOG
AMS;CTG
ARN;BOG
ARN;CTG
ATH;BOG
ATH;CTG
BCN;BOG
BCN;CTG
BER;BOG
BER;CTG
BHX;BOG
BIO;BOG
BIO;CTG
BLL;BOG
BLQ;BOG
BLQ;CTG
BOD;BOG
BOD;CTG
BOG;ABZ
BOG;AGP
BOG;ALC
BOG;AMS
BOG;ARN
BOG;ATH
BOG;AUH
BOG;BCN
BOG;BER
BOG;BHX
BOG;BIO
BOG;BLL
BOG;BLQ
BOG;BOD
BOG;BOM
BOG;BRU
BOG;BSL
BOG;BUD
BOG;CDG
BOG;CPH
BOG;DEL
BOG;DUB
BOG;DXB
BOG;FCO
BOG;FLR
BOG;FRA
BOG;GLA
BOG;GVA
BOG;HAJ
BOG;HAM
BOG;HKG
BOG;ICN
BOG;KEF
BOG;LHR
BOG;LIS
BOG;LPA
BOG;LUX
BOG;LYS
BOG;MAD
BOG;MDE
BOG;MNL
BOG;MRS
BOG;MST
BOG;MUC
BOG;MXP
BOG;NAP
BOG;NCE
BOG;NRT
BOG;NUE
BOG;OPO
BOG;OSL
BOG;OTP
BOG;PMI
BOG;PVG
BOG;RUH
BOG;SAW
BOG;SIN
BOG;STR
BOG;SVO
BOG;SVQ
BOG;TLS
BOG;TLV
BOG;TPE
BOG;TRD
BOG;VCE
BOG;VIE
BOG;VLC
BOG;VRN
BOG;WAW
BOG;ZAG
BOG;ZRH
BOM;BOG
BOM;CTG
BRU;BOG
BRU;CTG
BSL;BOG
BSL;CTG
BUD;BOG
CAG;BOG
CAI;BOG
CDG;BOG
CDG;CTG
CPH;BOG
CPH;CTG
CTG;ACC
CTG;AGP
CTG;ALC
CTG;AMS
CTG;ARN
CTG;ATH
CTG;AUH
CTG;BCN
CTG;BER
CTG;BIO
CTG;BLQ
CTG;BOD
CTG;BRU
CTG;BSL
CTG;BUD
CTG;CAG
CTG;CDG
CTG;CEB
CTG;CPH
CTG;DEL
CTG;DUB
CTG;DXB
CTG;FCO
CTG;FLR
CTG;FRA
CTG;GVA
CTG;HAM
CTG;HKG
CTG;IBZ
CTG;IST
CTG;KEF
CTG;LHR
CTG;LIS
CTG;LOS
CTG;LUX
CTG;LYS
CTG;MAD
CTG;MNL
CTG;MRS
CTG;MUC
CTG;MXP
CTG;NAP
CTG;NRT
CTG;NUE
CTG;OPO
CTG;OSL
CTG;OTP
CTG;PMI
CTG;PVG
CTG;RIX
CTG;RUH
CTG;SAW
CTG;STR
CTG;SVO
CTG;SVQ
CTG;TLS
CTG;TLV
CTG;VCE
CTG;VIE
CTG;VLC
CTG;VRN
CTG;WAW
CTG;ZAG
CTG;ZRH
DBV;BOG
DEL;BOG
DUB;BOG
DUB;CTG
DXB;BOG
DXB;CTG
FCO;BOG
FCO;CTG
FLR;BOG
FLR;CTG
FRA;BOG
FRA;CTG
GLA;BOG
GVA;BOG
GVA;CTG
HAJ;BOG
HAJ;CTG
HAM;BOG
HAM;CTG
HKG;BOG
IBZ;BOG
ICN;BOG
IST;BOG
KEF;BOG
LHR;BOG
LHR;CTG
LIS;BOG
LIS;CTG
LOS;BOG
LPA;BOG
LUX;BOG
LUX;CTG
LYS;BOG
LYS;CTG
MAD;BOG
MAD;CTG
MNL;BOG
MNL;CTG
MRS;BOG
MRS;CTG
MUC;BOG
MUC;CTG
MXP;BOG
MXP;CTG
NAP;BOG
NAP;CTG
NCE;BOG
NCE;CTG
NRT;BOG
NUE;BOG
NUE;CTG
OPO;BOG
OPO;CTG
OSL;BOG
OSL;CTG
OTP;BOG
OTP;CTG
PMI;BOG
PRG;BOG
PRG;CTG
PVG;BOG
RIX;CTG
RUH;BOG
SCL;BOG
SIN;BOG
STR;BOG
STR;CTG
SVO;BOG
SVO;CTG
TFS;BOG
TLS;BOG
TLS;CTG
TLV;BOG
TLV;CTG
TPE;BOG
TRD;BOG
VCE;BOG
VCE;CTG
VIE;BOG
VIE;CTG
VLC;BOG
VLC;CTG
VRN;BOG
WAW;BOG
WAW;CTG
ZAG;BOG
ZAG;CTG
ZRH;BOG
ZRH;CTG
ADZ;BOG
AUA;BOG
BAQ;ADZ
BAQ;BOG
BAQ;HAV
BOG;ADZ
BOG;AUA
BOG;BAQ
BOG;CCS
BOG;CLO
BOG;EYP
BOG;IDA
BOG;LET
BOG;MDE
BOG;PCR
BOG;PTY
BOG;UIO
CCS;BOG
CLO;AUA
CLO;BOG
CLO;CUR
CLO;PTY
CUR;BOG
EYP;IDA
EYP;MVP
HAV;BOG
IDA;BOG
LET;BOG
MDE;BOG
MVP;BOG
PCR;BOG
PTY;BOG
SDQ;BOG
UIO;CLO
ASU;BOG
BAQ;BOG
BCT;BOG
BOG;MIA
BOG;PBI
CLO;BOG
CPQ;BOG
CPQ;MDE
GIG;BOG
GRU;BOG
LIM;BOG
MAO;BOG
MDE;MIA
MIA;BAQ
MIA;BOG
MIA;CLO
MVD;BOG
PTY;BOG
PTY;MDE
SCL;BOG
SJO;MDE
BOG;MIA
BOG;SCL
BOG;SCL
MIA;BOG
SCL;BOG
SCL;BOG
BOG;CCS
BOG;GYE
BOG;LET
BOG;LIM
BOG;PTY
BOG;UIO
CCS;BOG
LIM;BOG
PTY;BOG
UIO;BOG
BOG;MIA
BUE;BOG
SCL;BOG
BOG;LIM
LIM;BOG
BOG;MIA
CPQ;BOG
CPQ;MDE
MAO;MDE
MDE;MIA
MIA;BOG
BOG;MEX
MEX;BOG
AMS;BOG
BOG;AMS
BOG;MIA
GUA;BOG
MIA;BOG
UIO;BOG
BOG;MIA
ACY;AXM
ACY;BAQ
ACY;BGA
ACY;BOG
ACY;CLO
ACY;CTG
ACY;MDE
ATL;AXM
ATL;BAQ
ATL;BGA
ATL;BOG
ATL;CLO
ATL;CTG
ATL;MDE
AXM;ACY
AXM;ATL
AXM;BDL
AXM;BOS
AXM;BWI
AXM;CLE
AXM;CMH
AXM;DEN
AXM;DFW
AXM;DTW
AXM;EWR
AXM;FLL
AXM;IAH
AXM;LAS
AXM;LAX
AXM;MCO
AXM;MSY
AXM;OAK
AXM;ORD
AXM;PHL
AXM;PIT
AXM;TPA
BAQ;ACY
BAQ;ATL
BAQ;AUS
BAQ;BDL
BAQ;BOS
BAQ;BWI
BAQ;CLE
BAQ;CLT
BAQ;CMH
BAQ;DEN
BAQ;DFW
BAQ;DTW
BAQ;EWR
BAQ;FLL
BAQ;IAH
BAQ;IND
BAQ;LAS
BAQ;LAX
BAQ;MCO
BAQ;MSY
BAQ;MYR
BAQ;OAK
BAQ;ORD
BAQ;PHL
BAQ;PIT
BAQ;RDU
BAQ;TPA
BDL;BOG
BDL;MDE
BGA;ACY
BGA;ATL
BGA;BDL
BGA;BOS
BGA;BWI
BGA;CLT
BGA;CMH
BGA;DEN
BGA;DFW
BGA;DTW
BGA;EWR
BGA;FLL
BGA;IAH
BGA;LAS
BGA;LAX
BGA;MCO
BGA;MSY
BGA;ORD
BGA;PHL
BGA;PIT
BGA;SJU
BGA;TPA
BOG;ACY
BOG;ATL
BOG;AUS
BOG;BDL
BOG;BOS
BOG;BWI
BOG;CLE
BOG;CLT
BOG;CMH
BOG;DEN
BOG;DFW
BOG;DTW
BOG;EWR
BOG;FLL
BOG;GSO
BOG;IAH
BOG;IND
BOG;LAS
BOG;LAX
BOG;MCO
BOG;MSY
BOG;MYR
BOG;OAK
BOG;ORD
BOG;PHL
BOG;PIT
BOG;RDU
BOG;SDF
BOG;SJU
BOG;SMF
BOG;TPA
BOS;AXM
BOS;BAQ
BOS;BGA
BOS;BOG
BOS;CLO
BOS;CTG
BOS;MDE
BUR;BOG
BWI;AXM
BWI;BAQ
BWI;BGA
BWI;BOG
BWI;CLO
BWI;CTG
BWI;MDE
CLE;BOG
CLO;ACY
CLO;ATL
CLO;AUS
CLO;BDL
CLO;BOS
CLO;BWI
CLO;CLE
CLO;CLT
CLO;CMH
CLO;DEN
CLO;DFW
CLO;DTW
CLO;EWR
CLO;FLL
CLO;IAH
CLO;LAS
CLO;LAX
CLO;MCO
CLO;MSY
CLO;MYR
CLO;ORD
CLO;PHL
CLO;PIT
CLO;SMF
CLO;STL
CLO;TPA
CLT;BAQ
CLT;BGA
CLT;BOG
CLT;CLO
CLT;CTG
CLT;MDE
CMH;AXM
CMH;BAQ
CMH;BGA
CMH;BOG
CMH;CLO
CMH;CTG
CMH;MDE
CTG;ACY
CTG;ATL
CTG;AUS
CTG;BDL
CTG;BOS
CTG;BWI
CTG;CLT
CTG;CMH
CTG;DEN
CTG;DFW
CTG;DTW
CTG;EWR
CTG;FLL
CTG;IAH
CTG;IND
CTG;LAS
CTG;LAX
CTG;MCO
CTG;MSY
CTG;ORD
CTG;PHL
CTG;PIT
CTG;SMF
CTG;TPA
DEN;AXM
DEN;BAQ
DEN;BGA
DEN;BOG
DEN;CLO
DEN;CTG
DEN;MDE
DFW;AXM
DFW;BAQ
DFW;BGA
DFW;BOG
DFW;CLO
DFW;CTG
DFW;MDE
DTW;AXM
DTW;BAQ
DTW;BGA
DTW;BOG
DTW;CLO
DTW;CTG
DTW;MDE
EWR;AXM
EWR;BAQ
EWR;BGA
EWR;BOG
EWR;CLO
EWR;CTG
EWR;MDE
FLL;AXM
FLL;BAQ
FLL;BGA
FLL;BOG
FLL;CLO
FLL;CTG
FLL;MDE
IAH;AXM
IAH;BAQ
IAH;BGA
IAH;BOG
IAH;CLO
IAH;CTG
IAH;MDE
IND;BAQ
IND;BOG
IND;CTG
IND;MDE
LAS;AXM
LAS;BAQ
LAS;BGA
LAS;BOG
LAS;CLO
LAS;CTG
LAS;MDE
LAX;AXM
LAX;BAQ
LAX;BGA
LAX;BOG
LAX;CLO
LAX;CTG
LAX;MDE
MCI;MDE
MCO;AXM
MCO;BAQ
MCO;BGA
MCO;BOG
MCO;CLO
MCO;CTG
MCO;MDE
MDE;ACY
MDE;ATL
MDE;AUS
MDE;BDL
MDE;BOS
MDE;BWI
MDE;CLT
MDE;CMH
MDE;DEN
MDE;DFW
MDE;DTW
MDE;EWR
MDE;FLL
MDE;GSO
MDE;IAH
MDE;IND
MDE;LAS
MDE;LAX
MDE;MCO
MDE;MSY
MDE;OAK
MDE;ORD
MDE;PHL
MDE;PIT
MDE;RDU
MDE;SJU
MDE;SMF
MDE;TPA
MIA;MDE
MSP;BOG
MSP;CLO
MSP;CTG
MSP;MDE
MSY;AXM
MSY;BAQ
MSY;BGA
MSY;BOG
MSY;CLO
MSY;CTG
MSY;MDE
MYR;AXM
MYR;BAQ
MYR;BGA
MYR;BOG
MYR;CLO
MYR;CTG
MYR;MDE
OAK;BAQ
OAK;BOG
OAK;MDE
ORD;AXM
ORD;BAQ
ORD;BGA
ORD;BOG
ORD;CLO
ORD;CTG
ORD;MDE
PHL;AXM
PHL;BAQ
PHL;BGA
PHL;BOG
PHL;CLO
PHL;CTG
PHL;MDE
PIT;AXM
PIT;BAQ
PIT;BGA
PIT;BOG
PIT;CLO
PIT;CTG
PIT;MDE
SJU;BOG
SJU;CTG
SJU;MDE
SMF;BOG
SMF;CTG
SMF;MDE
TPA;AXM
TPA;BAQ
TPA;BGA
TPA;BOG
TPA;CLO
TPA;CTG
TPA;MDE
ADZ;BOG
ADZ;PVA
AGH;BOG
APO;BOG
APO;EOH
APO;MDE
AUC;BOG
BGA;RVE
BOG;ADZ
BOG;AGH
BOG;APO
BOG;AUC
BOG;BUN
BOG;EOH
BOG;EYP
BOG;FLA
BOG;IDA
BOG;IPI
BOG;LMC
BOG;MDE
BOG;MVP
BOG;PCR
BOG;PTL
BOG;PUU
BOG;RVE
BOG;SJE
BOG;SJE
BOG;SVI
BOG;TCO
BOG;TME
BOG;UIB
BOG;VGP
BOG;VGP
BOG;VVC
BSC;EOH
BSC;MDE
BUN;BOG
CLO;FLA
CLO;GPI
CLO;IPI
CLO;TCO
EOH;APO
EOH;BOG
EOH;BSC
EOH;NQU
EOH;TLU
EOH;UIB
EYP;BOG
FLA;BOG
FLA;CLO
FLA;LQM
GPI;CLO
IDA;BOG
IDA;VVC
IPI;BOG
IPI;CLO
IPI;PUU
LCH;LET
LCH;SJE
LET;LCH
LET;LPD
LET;TAP
LMC;BOG
LPD;LET
LQM;FLA
LQM;PUU
MDE;APO
MDE;BOG
MDE;UIB
MVP;BOG
MVP;VVC
NQU;EOH
NQU;UIB
PCR;BOG
PCR;VVC
PTL;BOG
PUU;BOG
PUU;IPI
PUU;LQM
PVA;ADZ
RVE;BGA
RVE;BOG
SJE;BOG
SJE;BOG
SJE;LCH
SVI;BOG
TAP;LET
TCO;BOG
TCO;CLO
TLU;EOH
TME;BOG
UIB;BOG
UIB;EOH
UIB;MDE
UIB;NQU
VGP;BOG
VGP;BOG
VVC;EYP
VVC;IDA
VVC;MVP
VVC;PCR
ADZ;BAQ
ADZ;BOG
ADZ;CLO
ADZ;CTG
AUA;BOG
BAQ;ADZ
BOG;ADZ
BOG;AUA
BOG;CLO
BOG;CTG
BOG;CUN
BOG;GYE
BOG;HAV
BOG;LIM
BOG;MDE
BOG;MEX
BOG;PTY
BOG;PUJ
BOG;SDQ
BOG;SJO
BOG;SMR
BOG;UIO
CLO;ADZ
CLO;BOG
CLO;CTG
CLO;CUN
CLO;PTY
CTG;ADZ
CTG;BOG
CTG;CLO
CTG;PTY
CUN;BOG
CUN;CLO
CUN;MDE
GYE;BOG
HAV;BOG
LIM;BOG
MDE;BOG
MDE;CUN
MDE;PTY
MDE;PUJ
MEX;BOG
PTY;BOG
PTY;CLO
PTY;CTG
PTY;MDE
PUJ;BOG
PUJ;MDE
SDQ;BOG
SJO;BOG
SMR;BOG
UIO;BOG
BOG;DFW
BOG;GUA
BOG;IAD
BOG;IAH
BOG;JFK
BOG;LAX
BOG;MEX
BOG;MGA
BOG;MIA
BOG;SAL
BOG;SAP
BOG;SFO
BOG;SJO
BOG;TGU
BOG;YYZ
SAL;BOG
BOG;GRU
GRU;BOG
ABJ;BOG
ACC;BOG
ADB;BOG
AMM;BOG
AMS;BOG
ARN;BOG
ATH;BOG
ATY;BOG
AUH;BOG
BCN;BOG
BER;BOG
BEY;BOG
BLQ;BOG
BOG;ABJ
BOG;ACC
BOG;ADB
BOG;AER
BOG;AMM
BOG;AMS
BOG;ARN
BOG;ATH
BOG;AUH
BOG;BCN
BOG;BER
BOG;BEY
BOG;BLQ
BOG;BUD
BOG;CAI
BOG;CDG
BOG;CMN
BOG;COO
BOG;CPH
BOG;DAR
BOG;DBV
BOG;DLM
BOG;DOH
BOG;DXB
BOG;ESB
BOG;FCO
BOG;FRA
BOG;GVA
BOG;HKG
BOG;HND
BOG;ICN
BOG;IST
BOG;JNB
BOG;KBL
BOG;KUL
BOG;KWI
BOG;LEJ
BOG;LHR
BOG;LIS
BOG;LOS
BOG;MAD
BOG;MNL
BOG;MUC
BOG;MXP
BOG;OTP
BOG;PRG
BOG;RAK
BOG;RIX
BOG;RUH
BOG;SIN
BOG;TLV
BOG;TPE
BOG;VCE
BOG;VIE
BOG;VKO
BOG;VLC
BOG;WAW
BOG;ZAG
BOG;ZRH
BRU;BOG
BSL;BOG
BUD;BOG
CAI;BOG
CDG;BOG
CMN;BOG
COO;BOG
CPH;BOG
DAR;BOG
DBV;BOG
DOH;BOG
DXB;BOG
ESB;BOG
FCO;BOG
FRA;BOG
GVA;BOG
HAJ;BOG
HAM;BOG
HKG;BOG
HND;BOG
ICN;BOG
IST;BOG
JNB;BOG
KBL;BOG
KWI;BOG
LIS;BOG
LOS;BOG
MAD;BOG
MNL;BOG
MUC;BOG
MXP;BOG
NAP;BOG
NUE;BOG
OSL;BOG
OTP;BOG
PRG;BOG
RIX;BOG
SIN;BOG
STR;BOG
TLV;BOG
VCE;BOG
VIE;BOG
VKO;BOG
VLC;BOG
WAW;BOG
ZAG;BOG
BOG;BUE
BOG;CCS
BOG;PTY
BOG;VLN
CCS;BOG
LSP;BOG
ASU;BOG
ASU;MDE
BAQ;BOG
BCT;BOG
BOG;ASU
BOG;BCT
BOG;BUE
BOG;CPQ
BOG;LIM
BOG;MAO
BOG;MDE
BOG;MEX
BOG;MIA
BOG;MVD
BOG;NAS
BOG;SCL
BOG;UIO
BUE;BOG
CLO;MDE
CPQ;BOG
CPQ;BOG
LIM;BOG
MAO;BOG
MAO;MDE
MDE;BOG
MDE;FLL
MDE;MIA
MDE;UIO
MEX;BOG
MIA;BAQ
MIA;BOG
MIA;BOG
MIA;CLO
MIA;MDE
MVD;BOG
PTY;BOG
SCL;BOG
SDQ;BOG
SDQ;MDE
UIO;BOG
BCN;BOG
BOG;BZE
BOG;EWR
BOG;FCO
BOG;FRA
BOG;GRU
BOG;GUM
BOG;IAH
BOG;LHR
BOG;LIR
BOG;LIS
BOG;MEX
BOG;MTY
BOG;NRT
BOG;SIN
BOG;SJU
BOG;YUL
BOG;YYZ
BOG;ZRH
CUN;BOG
DUB;BOG
EWR;BOG
GRU;BOG
GUA;BOG
HND;BOG
IAH;BOG
LHR;BOG
LIS;BOG
MEX;BOG
MID;BOG
MTY;BOG
MUC;BOG
MXP;BOG
NRT;BOG
OAX;BOG
SJD;BOG
SJU;BOG
YEG;BOG
YUL;BOG
YYZ;BOG
BOG;MIA
BOG;MIA
CPQ;BOG
MIA;BOG
MIA;BOG
BOG;CUZ
BOG;IQT
BOG;LIM
BOG;PIU
CUZ;BOG
LIM;BOG
PIU;BOG
ADZ;BAQ
ADZ;BGA
ADZ;BOG
ADZ;CLO
ADZ;CTG
ADZ;CUC
ADZ;CUN
ADZ;LIM
ADZ;MCO
ADZ;MDE
ADZ;MEX
ADZ;MIA
ADZ;MTR
ADZ;PEI
ADZ;PEI
ADZ;RCH
ADZ;SMR
BAQ;ADZ
BAQ;BGA
BAQ;BOG
BAQ;CLO
BAQ;CUC
BAQ;CUN
BAQ;LIM
BAQ;MCO
BAQ;MDE
BAQ;MEX
BAQ;MIA
BAQ;MTR
BAQ;PEI
BGA;ADZ
BGA;BAQ
BGA;BOG
BGA;CLO
BGA;CTG
BGA;CUC
BGA;CUN
BGA;LIM
BGA;MDE
BGA;MEX
BGA;MIA
BGA;MTR
BGA;PEI
BGA;SMR
BOG;ADZ
BOG;BAQ
BOG;BGA
BOG;CLO
BOG;CTG
BOG;CUC
BOG;CUN
BOG;LET
BOG;LIM
BOG;MCO
BOG;MDE
BOG;MEX
BOG;MIA
BOG;MTR
BOG;PEI
BOG;RCH
BOG;SMR
CLO;ADZ
CLO;BAQ
CLO;BGA
CLO;BOG
CLO;CTG
CLO;CUC
CLO;CUN
CLO;LIM
CLO;MCO
CLO;MDE
CLO;MEX
CLO;MIA
CLO;MTR
CLO;RCH
CLO;RCH
CLO;SMR
CTG;ADZ
CTG;BGA
CTG;BOG
CTG;CLO
CTG;CUC
CTG;CUN
CTG;LIM
CTG;MCO
CTG;MDE
CTG;MEX
CTG;MIA
CTG;PEI
CUC;ADZ
CUC;BAQ
CUC;BGA
CUC;BOG
CUC;CLO
CUC;CTG
CUC;CUN
CUC;LIM
CUC;MCO
CUC;MDE
CUC;MEX
CUC;MIA
CUC;MTR
CUC;PEI
CUC;SMR
CUN;BAQ
CUN;BOG
CUN;CLO
CUN;CTG
CUN;CUC
CUN;MDE
CUN;SMR
LET;BOG
LIM;ADZ
LIM;BAQ
LIM;BGA
LIM;BOG
LIM;CLO
LIM;CTG
LIM;CUC
LIM;MDE
LIM;MTR
LIM;PEI
LIM;RCH
LIM;SMR
MCO;ADZ
MCO;BAQ
MCO;BOG
MCO;CLO
MCO;CTG
MCO;CUC
MCO;MDE
MCO;SMR
MDE;ADZ
MDE;BAQ
MDE;BGA
MDE;BOG
MDE;CLO
MDE;CTG
MDE;CUC
MDE;CUN
MDE;LIM
MDE;MCO
MDE;MEX
MDE;MIA
MDE;MTR
MDE;PEI
MDE;RCH
MDE;SMR
MEX;ADZ
MEX;BAQ
MEX;BGA
MEX;BOG
MEX;CLO
MEX;CTG
MEX;CUC
MEX;MDE
MEX;MTR
MEX;PEI
MEX;SMR
MIA;ADZ
MIA;BAQ
MIA;BGA
MIA;BOG
MIA;CLO
MIA;CTG
MIA;CUC
MIA;MDE
MIA;MTR
MIA;SMR
MTR;ADZ
MTR;BGA
MTR;BOG
MTR;CLO
MTR;CTG
MTR;CUC
MTR;LIM
MTR;MDE
MTR;MEX
MTR;MIA
MTR;PEI
PEI;ADZ
PEI;ADZ
PEI;BAQ
PEI;BGA
PEI;BOG
PEI;CTG
PEI;CUC
PEI;LIM
PEI;MDE
PEI;MEX
PEI;MTR
PEI;RCH
PEI;SMR
RCH;ADZ
RCH;BOG
RCH;CLO
RCH;CLO
RCH;LIM
RCH;MDE
RCH;PEI
SMR;ADZ
SMR;BGA
SMR;BOG
SMR;CLO
SMR;CUC
SMR;CUN
SMR;LIM
SMR;MCO
SMR;MDE
SMR;MEX
SMR;MIA
SMR;PEI
